ZoteroScannableCite	bibliographicCitation_cl
{ | Abromeit, 1895 | | |zu:4723341:C74YRYKS}	(Abromeit 1895)
{ | Alstrup, & Ahti, 2007 | | |zu:4723341:X9ALI58E}	(Alstrup & Ahti 2007)
{ | Alstrup, 2014 | | |zu:4723341:GNU9XDAE}	(Alstrup 2014)
{ | Ariyawansa, et al., 2015 | | |zu:4723341:MAB244MX}	(Ariyawansa et al. 2015)
{ | Banker, 1929 | | |zu:4723341:6DLB7TMY}	(Banker 1929)
{ | Berkeley, 1875 | | |zu:4723341:RAM8JTL5}	(Berkeley 1875)
{ | Bernicchia, & Gorjón, 2010 | | |zu:4723341:32X63HG8}	(Bernicchia & Gorjón 2010)
{ | Boidin, & Lanquetin, 1987 | | |zu:4723341:4JHCGTY4}	(Boidin & Lanquetin 1987)
{ | Bolshakov, et al., 2016 | | |zu:4723341:Y7NKXUV8}	(Bolshakov et al. 2016)
{ | Bolshakov, et al., 2018 | | |zu:4723341:JMQFZJI3}	(Bolshakov et al. 2018)
{ | Bolshakov, et al., 2020 | | |zu:4723341:YQDT892I}	(Bolshakov et al. 2020)
{ | Bondartseva, & Kotkova, 2003 | | |zu:4723341:79NNHCLR}	(Bondartseva & Kotkova 2003)
{ | Bondartseva, & Lositskaya, 2000 | | |zu:4723341:XT8RSQFW}	(Bondartseva & Lositskaya 2000)
{ | Bondartseva, & Zmitrovich, 2004 | | |zu:4723341:XINPD4FJ}	(Bondartseva & Zmitrovich 2004)
{ | Bondartseva, et al., 2000 | | |zu:4723341:JRNG2CQ5}	(Bondartseva et al. 2000)
{ | Bondarzew, 1959 | | |zu:4723341:2QDBF5BY}	(Bondarzew 1959)
{ | Bondarzew, 1965 | | |zu:4723341:9SJ9VXZ9}	(Bondarzew 1965)
{ | Bourdot, & Galzin, 1928 | | |zu:4723341:UPFQXM6I}	(Bourdot & Galzin 1928)
{ | Bresadola, 1897 | | |zu:4723341:UQEYNA66}	(Bresadola 1897)
{ | Bresadola, 1926 | | |zu:4723341:YLL9NFCP}	(Bresadola 1926)
{ | Bucholtz, 1897 | | |zu:4723341:E5YFBD8H}	(Bucholtz 1897b)
{ | Bucholtz, 1897 | | |zu:4723341:TE48AYVX}	(Bucholtz 1897a)
{ | Burt, 1931 | | |zu:4723341:K9SM4BMH}	(Burt 1931)
{ | Campbell, & Davidson, 1938 | | |zu:4723341:GKDWZQKQ}	(Campbell & Davidson 1938)
{ | Carlson, et al., 2014 | | |zu:4723341:AY3JJ7J5}	(Carlson et al. 2014)
{ | Chlebicki, et al., 2003 | | |zu:4723341:QBEJTW69}	(Chlebicki et al. 2003)
{ | Christiansen, 1960 | | |zu:4723341:2YHLTF3F}	(Christiansen 1960)
{ | Coker, 1923 | | |zu:4723341:S4FEIJ99}	(Coker 1923)
{ | Corfixen, & Parmasto, 2005 | | |zu:4723341:ZKVBCM6Y}	(Corfixen & Parmasto 2005)
{ | Corfixen, & Parmasto, 2017 | | |zu:4723341:5BUUXGTI}	(Corfixen & Parmasto 2017)
{ | Corner, 1950 | | |zu:4723341:GTKD82NX}	(Corner 1950)
{ | Corner, 1966 | | |zu:4723341:JTD9EKZE}	(Corner 1966)
{ | Corner, 1968 | | |zu:4723341:DHN47TFG}	(Corner 1968)
{ | Corner, 1970 | | |zu:4723341:DIU6II8A}	(Corner 1970)
{ | Cotton, & Wakefield, 1917 | | |zu:4723341:AX3UK9ZW}	(Cotton & Wakefield 1917)
{ | Czernyadjeva, et al., 2017 | | |zu:4723341:9E6AMDHC}	(Czernyadjeva et al. 2017)
{ | Czernyadjeva, et al., 2018 | | |zu:4723341:QMBA5PDX}	(Czernyadjeva et al. 2018)
{ | Czernyadjeva, et al., 2019 | | |zu:4723341:HWJBNXYD}	(Czernyadjeva et al. 2019)
{ | Czernyadjeva, et al., 2020 | | |zu:4723341:KJEQTDMN}	(Czernyadjeva et al. 2020a)
{ | Czernyadjeva, et al., 2020 | | |zu:4723341:ZVMNKFMJ}	(Czernyadjeva et al. 2020b)
{ | Czernyadjeva, et al., 2021 | | |zu:4723341:NSEYQYM4}	(Czernyadjeva et al. 2021)
{ | Dai, & Niemelä, 2002 | | |zu:4723341:8VFNKPA7}	(Dai & Niemelä 2002)
{ | Dai, et al., 2003 | | |zu:4723341:DNA3VGSI}	(Dai et al. 2003)
{ | Diederich, 1996 | | |zu:4723341:V4D5A6SF}	(Diederich 1996)
{ | Donk, 1933 | | |zu:4723341:YCUDSCJ4}	(Donk 1933)
{ | Donk, 1963 | | |zu:4723341:VA5ELE69}	(Donk 1963)
{ | Donk, 1967 | | |zu:4723341:UBIE7NKT}	(Donk 1967)
{ | Dvořák, et al., 2014 | | |zu:4723341:Q53Q2CJM}	(Dvořák et al. 2014)
{ | Eriksson, & Ryvarden, 1976 | | |zu:4723341:6B9UJ6NK}	(Eriksson & Ryvarden 1976)
{ | Ezhov, & Zmitrovich, 2015 | | |zu:4723341:NYMC75UY}	(Ezhov & Zmitrovich 2015)
{ | Ezhov, & Zmitrovich, 2017 | | |zu:4723341:HH98MTLA}	(Ezhov & Zmitrovich 2017)
{ | Ezhov, et al., 2012 | | |zu:4723341:4YNYUXIC}	(Ezhov et al. 2012a)
{ | Ezhov, et al., 2017 | | |zu:4723341:ZLID9KNF}	(Ezhov et al. 2017a)
{ | Feng, et al., 2016 | | |zu:4723341:QLC759U9}	(Feng et al. 2016)
{ | Fries, 1838 | | |zu:4723341:FZE3UJWT}	(Fries 1838)
{ | Fries, 1874 | | |zu:4723341:58N6ID6C}	(Fries 1874)
{ | Fryssouli, et al., 2020 | | |zu:4723341:RMMVXZ6L}	(Fryssouli et al. 2020)
{ | Fuckel, 1871 | | |zu:4723341:RZERX2AS}	(Fuckel 1871)
{ | Ghobad-Nejhad, & Hallenberg, 2012 | | |zu:4723341:74ITR3FD}	(Ghobad-Nejhad & Hallenberg 2012)
{ | Ginns, & Freeman, 1994 | | |zu:4723341:UA7ABQ22}	(Ginns & Freeman 1994)
{ | Ginns, 1982 | | |zu:4723341:VC4XLRGF}	(Ginns 1982)
{ | Hansen, & Knudsen, 1997 | | |zu:4723341:ZX73CVSK}	(Hansen & Knudsen 1997)
{ | Hennings, 1895 | | |zu:4723341:VLUYQ2PQ}	(Hennings 1895)
{ | Hennings, 1903 | | |zu:4723341:9PT8PY23}	(Hennings 1903)
{ | Hennings, 1904 | | |zu:4723341:3DYFICBZ}	(Hennings 1904)
{ | Hennings, 1905 | | |zu:4723341:LML8RING}	(Hennings 1905)
{ | Heyden, 1899 | | |zu:4723341:YBRQ3H7Y}	(Heyden 1899)
{ | Himelbrant, et al., 2013 | | |zu:4723341:AKHHI3JU}	(Himelbrant et al. 2013)
{ | Himelbrant, et al., 2016 | | |zu:4723341:MX3WLVNB}	(Himelbrant et al. 2016b)
{ | Himelbrant, et al., 2016 | | |zu:4723341:SNTUS2R2}	(Himelbrant et al. 2016a)
{ | Himelbrant, et al., 2017 | | |zu:4723341:LVRWT76U}	(Himelbrant et al. 2017)
{ | Himelbrant, et al., 2018 | | |zu:4723341:26JNNFUT}	(Himelbrant et al. 2018)
{ | Himelbrant, et al., 2021 | | |zu:4723341:2MT376ZV}	(Himelbrant et al. 2021)
{ | Hjortstam, & Bononi, 1983 | | |zu:4723341:UPKI4EKJ}	(Hjortstam & Bononi 1983)
{ | Hjortstam, & Ryvarden, 1981 | | |zu:4723341:QIHJRAZM}	(Hjortstam & Ryvarden 1981)
{ | Hjortstam, & Ryvarden, 2005 | | |zu:4723341:6NKP93V6}	(Hjortstam & Ryvarden 2005)
{ | Isaeva, et al., 2015 | | |zu:4723341:AACNHIIH}	(Isaeva et al. 2015)
{ | Jaczewski, 1893 | | |zu:4723341:TRDRI62S}	(Jaczewski 1893)
{ | Jaczewski, 1896 | | |zu:4723341:8U7LP4JY}	(Jaczewski 1896)
{ | Jaczewski, 1898 | | |zu:4723341:ZZ6F55NN}	(Jaczewski 1898)
{ | Jülich, 1972 | | |zu:4723341:7Q2V8HMB}	(Jülich 1972)
{ | Kalinina, et al., 2020 | | |zu:4723341:4H66GC7H}	(Kalinina et al. 2020)
{ | Karadelev, et al., 2018 | | |zu:4723341:FKWM44KM}	(Karadelev et al. 2018)
{ | Karsten, 1866 | | |zu:4723341:MQL978N9}	(Karsten 1866)
{ | Karsten, 1876 | | |zu:4723341:WQ5HD7G6}	(Karsten 1876)
{ | Karsten, 1883 | | |zu:4723341:RQWMPVKP}	(Karsten 1883)
{ | Karsten, 1889 | | |zu:4723341:I2VVUGJU}	(Karsten 1889)
{ | Karsten, 1891 | | |zu:4723341:HFF894RJ}	(Karsten 1891)
{ | Karsten, 1892 | | |zu:4723341:G48JURMI}	(Karsten 1892b)
{ | Karsten, 1892 | | |zu:4723341:QXU3I758}	(Karsten 1892a)
{ | Karsten, 1894 | | |zu:4723341:K2FPBZTH}	(Karsten 1894)
{ | Karsten, 1899 | | |zu:4723341:IDUENMJ7}	(Karsten 1899)
{ | Karsten, 1904 | | |zu:4723341:834ZZD8Z}	(Karsten 1904)
{ | Kautmanová, et al., 2012 | | |zu:4723341:PBBZAC6I}	(Kautmanová et al. 2012)
{ | Khimich, & Borovichev, 2017 | | |zu:4723341:MITEXLTP}	(Khimich & Borovichev 2017)
{ | Khimich, & Zmitrovich, 2017 | | |zu:4723341:S76MCBEB}	(Khimich & Zmitrovich 2017)
{ | Khimich, et al., 2016 | | |zu:4723341:5H8REUMJ}	(Khimich et al. 2016a)
{ | Khimich, et al., 2017 | | |zu:4723341:8BEDMQHS}	(Khimich et al. 2017a)
{ | Khimich, et al., 2020 | | |zu:4723341:EPIAVLHT}	(Khimich et al. 2020)
{ | Killermann, 1943 | | |zu:4723341:RSUCUUFK}	(Killermann 1943)
{ | Kinnunen, & Niemelä, 2005 | | |zu:4723341:BBLIZWI5}	(Kinnunen & Niemelä 2005)
{ | Kochergina, & Furmenkova, 2019 | | |zu:4723341:UTGRJT9A}	(Kochergina & Furmenkova 2019)
{ | Korhonen, et al., 1997 | | |zu:4723341:52ZKMAVR}	(Korhonen et al. 1997)
{ | Korhonen, et al., 2018 | | |zu:4723341:8ATBSEKN}	(Korhonen et al. 2018)
{ | Kotiranta, & Saarenoksa, 2005 | | |zu:4723341:DC2MANV3}	(Kotiranta & Saarenoksa 2005)
{ | Kotiranta, et al., 2005 | | |zu:4723341:45KHF5R3}	(Kotiranta et al. 2005)
{ | Kotiranta, et al., 2007 | | |zu:4723341:LK6V6BMB}	(Kotiranta et al. 2007)
{ | Kotkova, et al., 2021 | | |zu:4723341:FFP46BCU}	(Kotkova et al. 2021)
{ | Kotlaba, & Pouzar, 1964 | | |zu:4723341:R7N3I526}	(Kotlaba & Pouzar 1964)
{ | Kout, et al., 2014 | | |zu:4723341:B6QZ8EDJ}	(Kout et al. 2014)
{ | Kreisel, 1963 | | |zu:4723341:PQKTP35V}	(Kreisel 1963)
{ | Kuznetsova, et al., 2007 | | |zu:4723341:ELDQ6NLB}	(Kuznetsova et al. 2007)
{ | Kuznetsova, et al., 2016 | | |zu:4723341:IQ52ZGES}	(Kuznetsova et al. 2016)
{ | Kõljalg, 1996 | | |zu:4723341:U9264Y7D}	(Kõljalg 1996)
{ | Larsen, 1968 | | |zu:4723341:45S7SIH3}	(Larsen 1968)
{ | Larsen, 1974 | | |zu:4723341:WJD5GXVU}	(Larsen 1974)
{ | Larsson, & Larsson, 1998 | | |zu:4723341:UC7YJ8UH}	(Larsson & Larsson 1998)
{ | Larsson, 1996 | | |zu:4723341:84UH85XN}	(Larsson 1996)
{ | Laurila, 1939 | | |zu:4723341:CHEZIYC4}	(Laurila 1939)
{ | Liberta, 1973 | | |zu:4723341:X2NZHGTU}	(Liberta 1973)
{ | Lindgren, et al., 2015 | | |zu:4723341:BM7IU7N2}	(Lindgren et al. 2015)
{ | Lowe, 1956 | | |zu:4723341:CLS36L26}	(Lowe 1956)
{ | Malysheva, & Bulakh, 2014 | | |zu:4723341:LAS2WGQK}	(Malysheva & Bulakh 2014)
{ | Malysheva, & Spirin, 2017 | | |zu:4723341:VYRVCCEV}	(Malysheva & Spirin 2017)
{ | Malysheva, 2006 | | |zu:4723341:N8LNFLYX}	(Malysheva 2006a)
{ | Malysheva, 2010 | | |zu:4723341:X2H4K58J}	(Malysheva 2010)
{ | Malysheva, et al., 2015 | | |zu:4723341:2CEX5RNT}	(Malysheva et al. 2015)
{ | Malysheva, et al., 2018 | | |zu:4723341:B3U8ECHX}	(Malysheva et al. 2018a)
{ | Malysheva, et al., 2018 | | |zu:4723341:XSSJZTIR}	(Malysheva et al. 2018b)
{ | Malysheva, et al., 2019 | | |zu:4723341:7ZICC3H9}	(Malysheva et al. 2019)
{ | Malysheva, et al., 2020 | | |zu:4723341:FDXXBCH7}	(Malysheva et al. 2020)
{ | Martini, & Hentic, 2005 | | |zu:4723341:YBL67FUP}	(Martini & Hentic 2005)
{ | McNabb, 1973 | | |zu:4723341:YEHYY6NY}	(McNabb 1973)
{ | Miettinen, & Larsson, 2011 | | |zu:4723341:CX398LG8}	(Miettinen & Larsson 2011)
{ | Miettinen, & Niemelä, 2018 | | |zu:4723341:LEVKNRJF}	(Miettinen & Niemelä 2018)
{ | Miettinen, et al., 2012 | | |zu:4723341:HPWQ9MPX}	(Miettinen et al. 2012a)
{ | Miettinen, et al., 2012 | | |zu:4723341:IE44KFQ9}	(Miettinen et al. 2012b)
{ | Miettinen, et al., 2016 | | |zu:4723341:2KCDHR3J}	(Miettinen et al. 2016)
{ | Miettinen, et al., 2018 | | |zu:4723341:HUGAR3SB}	(Miettinen et al. 2018)
{ | Miettinen, et al., 2019 | | |zu:4723341:2XEII8QR}	(Miettinen et al. 2019)
{ | Millanes, et al., 2015 | | |zu:4723341:WMF662LP}	(Millanes et al. 2015)
{ | Miller, 1934 | | |zu:4723341:4F8RMRL8}	(Miller 1934)
{ | Morozova, & Popov, 2006 | | |zu:4723341:BJVL7W5V}	(Morozova & Popov 2006)
{ | Morozova, & Popov, 2008 | | |zu:4723341:QRN789SG}	(Morozova & Popov 2008)
{ | Morozova, & Popov, 2014 | | |zu:4723341:PR8E9AGG}	(Morozova & Popov 2014)
{ | Morozova, 2005 | | |zu:4723341:QALTL5AY}	(Morozova 2005)
{ | Murrill, 1908 | | |zu:4723341:YVZ8ZYPQ}	(Murrill 1908)
{ | Nakasone, & Sytsma, 1993 | | |zu:4723341:DMEFC5LC}	(Nakasone & Sytsma 1993)
{ | Nakasone, 1997 | | |zu:4723341:ZI873NED}	(Nakasone 1997)
{ | Nakasone, 2013 | | |zu:4723341:D383MEHM}	(Nakasone 2013)
{ | Neuhoff, 1922 | | |zu:4723341:NVMCSYQN}	(Neuhoff 1922)
{ | Neuhoff, 1936 | | |zu:4723341:PN46B9HF}	(Neuhoff 1936)
{ | Niemelä, & Dai, 1997 | | |zu:4723341:NNXBPL28}	(Niemelä & Dai 1997)
{ | Niemelä, 1971 | | |zu:4723341:NEGXS6MT}	(Niemelä 1971)
{ | Niemelä, 1972 | | |zu:4723341:TVCE4NTV}	(Niemelä 1972)
{ | Niemelä, 1974 | | |zu:4723341:MPMIS4HB}	(Niemelä 1974)
{ | Niemelä, 1975 | | |zu:4723341:V2ENSTLN}	(Niemelä 1975)
{ | Niemelä, 1978 | | |zu:4723341:87G9YM8A}	(Niemelä 1978)
{ | Niemelä, 1980 | | |zu:4723341:6SCWU57Y}	(Niemelä 1980)
{ | Niemelä, 1982 | | |zu:4723341:RZ32GU96}	(Niemelä 1982)
{ | Niemelä, 1998 | | |zu:4723341:UIBV544P}	(Niemelä 1998)
{ | Niemelä, et al., 2001 | | |zu:4723341:G24JIQYY}	(Niemelä et al. 2001)
{ | Niemelä, et al., 2004 | | |zu:4723341:UAVP3BLH}	(Niemelä et al. 2004)
{ | Niemelä, et al., 2005 | | |zu:4723341:2ZJI8EPP}	(Niemelä et al. 2005)
{ | Niemelä, et al., 2012 | | |zu:4723341:4PHHEI6W}	(Niemelä et al. 2012)
{ | Nikolajeva, 1959 | | |zu:4723341:98HXSN6Q}	(Nikolajeva 1959)
{ | Nikolajeva, 1963 | | |zu:4723341:WVV82ZFC}	(Nikolajeva 1963)
{ | Nilsson, & Hallenberg, 2003 | | |zu:4723341:EJ67X8QG}	(Nilsson & Hallenberg 2003)
{ | Ordynets, et al., 2020 | | |zu:4723341:UQBEGJEM}	(Ordynets et al. 2020)
{ | Parmasto, & Parmasto, 1979 | | |zu:4723341:R8T33JE2}	(Parmasto & Parmasto 1979)
{ | Parmasto, 1965 | | |zu:4723341:6KF9E8KH}	(Parmasto 1965a)
{ | Parmasto, 1967 | | |zu:4723341:IB452PZW}	(Parmasto 1967a)
{ | Parmasto, 1968 | | |zu:4723341:DDAZYPTE}	(Parmasto 1968)
{ | Parmasto, 2001 | | |zu:4723341:HYXIDL9W}	(Parmasto 2001)
{ | Parmasto, 2007 | | |zu:4723341:9DJ9DNGA}	(Parmasto 2007)
{ | Peintner, et al., 2019 | | |zu:4723341:NERT39TZ}	(Peintner et al. 2019)
{ | Persoon, 1794 | | |zu:4723341:ERMJ63LV}	(Persoon 1794)
{ | Petersen, & Olexia, 1969 | | |zu:4723341:U5TZDYJZ}	(Petersen & Olexia 1969)
{ | Petersen, 1965 | | |zu:4723341:32UIVRLC}	(Petersen 1965)
{ | Petersen, 1968 | | |zu:4723341:YJU7ALJE}	(Petersen 1968)
{ | Pilát, 1934 | | |zu:4723341:RX3SLFGG}	(Pilát 1934)
{ | Popov, et al., 2007 | | |zu:4723341:BPCWAAVR}	(Popov et al. 2007)
{ | Pouzar, 1958 | | |zu:4723341:K2RIP7XD}	(Pouzar 1958)
{ | Pouzar, 1967 | | |zu:4723341:MHZQK5GA}	(Pouzar 1967)
{ | Pouzar, 1971 | | |zu:4723341:7PF46JMM}	(Pouzar 1971)
{ | Psurtseva, et al., 2007 | | |zu:4723341:YJBQBY6V}	(Psurtseva et al. 2007)
{ | Puolasmaa, et al., 2008 | | |zu:4723341:BMR4JZCS}	(Puolasmaa et al. 2008)
{ | Quélet, 1879 | | |zu:4723341:44PLH6M8}	(Quélet 1879)
{ | Renvall, 1992 | | |zu:4723341:8A82ARPV}	(Renvall 1992)
{ | Renvall, 2005 | | |zu:4723341:7QCMPRZZ}	(Renvall 2005)
{ | Riebesehl, et al., 2019 | | |zu:4723341:AJY9DA58}	(Riebesehl et al. 2019)
{ | Roberts, 1999 | | |zu:4723341:2NGKGXGQ}	(Roberts 1999)
{ | Rogers, & Jackson, 1943 | | |zu:4723341:RT96AFJX}	(Rogers & Jackson 1943)
{ | Romell, 1926 | | |zu:4723341:HENJR3UL}	(Romell 1926)
{ | Runnel, et al., 2019 | | |zu:4723341:E4PFEBF3}	(Runnel et al. 2019)
{ | Ruokolainen, et al., 2015 | | |zu:4723341:YP9KXYJN}	(Ruokolainen & Manninen 2015)
{ | Ruokolainen, et al., 2018 | | |zu:4723341:4A5Z5WXH}	(Ruokolainen et al. 2018a)
{ | Ryvarden, & Gilbertson, 1993 | | |zu:4723341:M7VSDZJZ}	(Ryvarden & Gilbertson 1993)
{ | Ryvarden, & Melo, 2014 | | |zu:4723341:7Z3JPGQV}	(Ryvarden & Melo 2014)
{ | Saitta, & Melo, 2013 | | |zu:4723341:VWIUELIF}	(Saitta & Melo 2013)
{ | Savchenko, et al., 2021 | | |zu:4723341:3F4IDLNQ}	(Savchenko et al. 2021)
{ | Schrader, 1794 | | |zu:4723341:B7AQLHQJ}	(Schrader 1794)
{ | Shakhova, & Volobuev, 2020 | | |zu:4723341:IXW4XTEE}	(Shakhova & Volobuev 2020)
{ | Shiryaev, 2004 | | |zu:4723341:EHGT7WJT}	(Shiryaev 2004)
{ | Shiryaev, 2006 | | |zu:4723341:4QUNLIF8}	(Shiryaev 2006)
{ | Shiryaev, 2007 | | |zu:4723341:SJCNF4LC}	(Shiryaev 2007)
{ | Shiryaev, 2008 | | |zu:4723341:XBBUAYDJ}	(Shiryaev 2008a)
{ | Shiryaev, 2020 | | |zu:4723341:DQL4WAHR}	(Shiryaev 2020)
{ | Shiryaev, et al., 2018 | | |zu:4723341:MEFPD6TV}	(Shiryaev et al. 2018)
{ | Shorohova, et al., 2019 | | |zu:4723341:UYIX3SGR}	(Shorohova et al. 2019)
{ | Siitonen, et al., 2001 | | |zu:4723341:TQ8SMYPL}	(Siitonen et al. 2001)
{ | Spirin, & Zmitrovich, 2003 | | |zu:4723341:9LY7DQVD}	(Spirin & Zmitrovich 2003)
{ | Spirin, & Zmitrovich, 2007 | | |zu:4723341:2VI7KDYE}	(Spirin & Zmitrovich 2007a)
{ | Spirin, & Zmitrovich, 2007 | | |zu:4723341:3W9NAAPB}	(Spirin & Zmitrovich 2007b)
{ | Spirin, 2001 | | |zu:4723341:DVIIVDVE}	(Spirin 2001a)
{ | Spirin, 2005 | | |zu:4723341:GUAASSU8}	(Spirin 2005)
{ | Spirin, 2007 | | |zu:4723341:MZZW48B4}	(Spirin 2007a)
{ | Spirin, et al., 2005 | | |zu:4723341:TIEJHBN9}	(Spirin et al. 2005)
{ | Spirin, et al., 2006 | | |zu:4723341:VI8UWZAP}	(Spirin et al. 2006a)
{ | Spirin, et al., 2007 | | |zu:4723341:RJYS6PMR}	(Spirin et al. 2007b)
{ | Spirin, et al., 2007 | | |zu:4723341:YKK45H7Y}	(Spirin et al. 2007a)
{ | Spirin, et al., 2013 | | |zu:4723341:BN9S2WTP}	(Spirin et al. 2013b)
{ | Spirin, et al., 2013 | | |zu:4723341:RFNS7K3X}	(Spirin et al. 2013a)
{ | Spirin, et al., 2015 | | |zu:4723341:38A4EI6B}	(Spirin et al. 2015b)
{ | Spirin, et al., 2015 | | |zu:4723341:IGBX5DYT}	(Spirin et al. 2015a)
{ | Spirin, et al., 2016 | | |zu:4723341:5NZVGCQI}	(Spirin et al. 2016b)
{ | Spirin, et al., 2016 | | |zu:4723341:DXZYFKGI}	(Spirin et al. 2016a)
{ | Spirin, et al., 2016 | | |zu:4723341:EH7BMNST}	(Spirin et al. 2016c)
{ | Spirin, et al., 2017 | | |zu:4723341:286GELDS}	(Spirin et al. 2017b)
{ | Spirin, et al., 2017 | | |zu:4723341:L5K42DFE}	(Spirin et al. 2017a)
{ | Spirin, et al., 2018 | | |zu:4723341:5KWW3TJ3}	(Spirin et al. 2018a)
{ | Spirin, et al., 2018 | | |zu:4723341:KLZ4J6CB}	(Spirin et al. 2018c)
{ | Spirin, et al., 2018 | | |zu:4723341:MYHLUI6Q}	(Spirin et al. 2018b)
{ | Spirin, et al., 2019 | | |zu:4723341:44D92E6C}	(Spirin et al. 2019c)
{ | Spirin, et al., 2019 | | |zu:4723341:NQ4ZKH75}	(Spirin et al. 2019b)
{ | Spirin, et al., 2019 | | |zu:4723341:TCPDWDZ3}	(Spirin et al. 2019a)
{ | Spirin, et al., 2020 | | |zu:4723341:K5ZQSZPM}	(Spirin et al. 2020)
{ | Spirin, et al., 2021 | | |zu:4723341:3IJ7LCXN}	(Spirin et al. 2021a)
{ | Spirin, et al., 2021 | | |zu:4723341:7QFXIFTJ}	(Spirin et al. 2021c)
{ | Spirin, et al., 2021 | | |zu:4723341:APSEVCZI}	(Spirin et al. 2021b)
{ | Stepanchikova, et al., 2010 | | |zu:4723341:FIJGZBXN}	(Stepanchikova et al. 2010)
{ | Stepanchikova, et al., 2013 | | |zu:4723341:GXPWDLCJ}	(Stepanchikova et al. 2013)
{ | Stepanchikova, et al., 2014 | | |zu:4723341:2YBK5NZR}	(Stepanchikova et al. 2014)
{ | Stepanchikova, et al., 2017 | | |zu:4723341:U5H7EJQS}	(Stepanchikova et al. 2017)
{ | Stepanchikova, et al., 2018 | | |zu:4723341:ZAUYLNJ4}	(Stepanchikova et al. 2018)
{ | Stepanchikova, et al., 2019 | | |zu:4723341:KC9TND9T}	(Stepanchikova et al. 2019)
{ | Stepanchikova, et al., 2020 | | |zu:4723341:TRNWKL54}	(Stepanchikova et al. 2020)
{ | Stepanchikova, et al., 2021 | | |zu:4723341:6BLVAMEN}	(Stepanchikova et al. 2021)
{ | Svetasheva, et al., 2017 | | |zu:4723341:8F7GFBSQ}	(Svetasheva et al. 2017a)
{ | Talbot, 1965 | | |zu:4723341:NSWEVY6X}	(Talbot 1965)
{ | Tarasova, et al., 2020 | | |zu:4723341:88769ZE6}	(Tarasova et al. 2020)
{ | Thesleff, 1920 | | |zu:4723341:Y5APXPLL}	(Thesleff 1920)
{ | Thorn, et al., 1990 | | |zu:4723341:MAJ9JCXF}	(Thorn et al. 1990)
{ | Tokuda, et al., 2009 | | |zu:4723341:MY369N25}	(Tokuda et al. 2009)
{ | Tomšovský, et al., 2010 | | |zu:4723341:JGSBNDQD}	(Tomšovský et al. 2010b)
{ | Tomšovský, et al., 2010 | | |zu:4723341:Y4IFYFBU}	(Tomšovský et al. 2010a)
{ | Trotter, 1925 | | |zu:4723341:DNHMAU2Q}	(Trotter 1925)
{ | Tsurykau, & Korchikov, 2017 | | |zu:4723341:P7FB9KQ3}	(Tsurykau & Korchikov 2017)
{ | Tsurykau, et al., 2017 | | |zu:4723341:GA5XYX2M}	(Tsurykau et al. 2017)
{ | Turland, et al., 2018 | | |zu:4723341:E9NNZ7AP}	(Turland et al. 2018)
{ | Urbanavichene, et al., 2013 | | |zu:4723341:TVICWEQK}	(Urbanavichene et al. 2013)
{ | Urbanavichus, 2016 | | |zu:4723341:DL86S9YL}	(Urbanavichus 2016)
{ | Urbanavichus, et al., 2007 | | |zu:4723341:SG9V4NN6}	(Urbanavichus et al. 2007a)
{ | Urbanavichus, et al., 2008 | | |zu:4723341:T9IRHDMV}	(Urbanavichus et al. 2008)
{ | Viner, 2015 | | |zu:4723341:F88L9586}	(Viner 2015)
{ | Viner, et al., 2016 | | |zu:4723341:NIJXTA4Q}	(Viner et al. 2016)
{ | Viner, et al., 2018 | | |zu:4723341:NP32FNAR}	(Viner et al. 2018)
{ | Viner, et al., 2021 | | |zu:4723341:7J4JAEZL}	(Viner et al. 2021)
{ | Vlasák, et al., 2015 | | |zu:4723341:WPCVZX34}	(Vlasák et al. 2015)
{ | Volobuev, & Arzhenenko, 2017 | | |zu:4723341:JSEMX8LX}	(Volobuev & Arzhenenko 2017)
{ | Volobuev, 2013 | | |zu:4723341:D43J5RVB}	(Volobuev 2013a)
{ | Volobuev, 2016 | | |zu:4723341:YE8GJM7B}	(Volobuev 2016)
{ | Volobuev, 2019 | | |zu:4723341:MYWCU8RT}	(Volobuev 2019)
{ | Volobuev, 2020 | | |zu:4723341:3GF38MLJ}	(Volobuev 2020)
{ | Volobuev, et al., 2015 | | |zu:4723341:3BIZX8UR}	(Volobuev et al. 2015b)
{ | Volobuev, et al., 2015 | | |zu:4723341:ZW65A68V}	(Volobuev et al. 2015a)
{ | Volobuev, et al., 2018 | | |zu:4723341:KDN97MKJ}	(Volobuev et al. 2018)
{ | Volobuev, et al., 2019 | | |zu:4723341:AY5BSVGA}	(Volobuev et al. 2019a)
{ | Volobuev, et al., 2020 | | |zu:4723341:ZSJBQ9MJ}	(Volobuev et al. 2020)
{ | Volobuev, et al., 2021 | | |zu:4723341:I2JPRBFW}	(Volobuev et al. 2021)
{ | Voronina, et al., 2018 | | |zu:4723341:ZESXUGA6}	(Voronina et al. 2018)
{ | Wakefield, 1969 | | |zu:4723341:7M6ENKEA}	(Wakefield 1969)
{ | Wasser, et al., 2006 | | |zu:4723341:IJV8ZICD}	(Wasser et al. 2006)
{ | Wells, & Raitviir, 1975 | | |zu:4723341:76RF93AK}	(Wells & Raitviir 1975)
{ | Wells, & Raitviir, 1977 | | |zu:4723341:FNEQKHY9}	(Wells & Raitviir 1977)
{ | Wu, et al., 2019 | | |zu:4723341:T6A29L3E}	(Wu et al. 2019)
{ | Yang, et al., 2016 | | |zu:4723341:J45HEA5C}	(Yang et al. 2016)
{ | Yurchenko, 2010 | | |zu:4723341:62DH7V63}	(Yurchenko 2010)
{ | Zalewska, et al., 2004 | | |zu:4723341:SSS4NAWX}	(Zalewska et al. 2004)
{ | Zamora, & Ekman, 2020 | | |zu:4723341:LNFEACMP}	(Zamora & Ekman 2020)
{ | Zhou, et al., 2016 | | |zu:4723341:2HRUZP7E}	(Zhou et al. 2016b)
{ | Zhou, et al., 2016 | | |zu:4723341:UNQ3L6DP}	(Zhou et al. 2016a)
{ | Zhou, et al., 2019 | | |zu:4723341:SMVUG9F3}	(Zhou et al. 2019)
{ | Zhurbenko, & Ahti, 2005 | | |zu:4723341:EVEB6SUV}	(Zhurbenko & Ahti 2005)
{ | Zhurbenko, & Himelbrant, 2002 | | |zu:4723341:2VWXBEWX}	(Zhurbenko & Himelbrant 2002)
{ | Zhurbenko, & Pino-Bodas, 2017 | | |zu:4723341:6FMW8GHT}	(Zhurbenko & Pino-Bodas 2017)
{ | Zhurbenko, & Zhdanov, 2013 | | |zu:4723341:DU4ULK8D}	(Zhurbenko & Zhdanov 2013)
{ | Zhurbenko, 2004 | | |zu:4723341:3Q4UXNCB}	(Zhurbenko 2004)
{ | Zhurbenko, 2007 | | |zu:4723341:PAGEEFWN}	(Zhurbenko 2007)
{ | Zhurbenko, 2008 | | |zu:4723341:4XIJC4UL}	(Zhurbenko 2008)
{ | Zmitrovich, & Ezhov, 2011 | | |zu:4723341:WTUX72VL}	(Zmitrovich & Ezhov 2011)
{ | Zmitrovich, 2003 | | |zu:4723341:XDRTNPI8}	(Zmitrovich 2003)
{ | Zmitrovich, et al., 2006 | | |zu:4723341:UITDT6MG}	(Zmitrovich et al. 2006)
{ | Zmitrovich, et al., 2007 | | |zu:4723341:DRMB6EHF}	(Zmitrovich et al. 2007)
{ | Zmitrovich, et al., 2010 | | |zu:4723341:Z736XPWS}	(Zmitrovich et al. 2010)
{ | Zmitrovich, et al., 2014 | | |zu:4723341:H4PAQXDG}	(Zmitrovich et al. 2014)
{ | Zmitrovich, et al., 2015 | | |zu:4723341:WD4PABGY}	(Zmitrovich et al. 2015a)
{ | Zmitrovich, et al., 2016 | | |zu:4723341:K4U579J3}	(Zmitrovich et al. 2016)
{ | Zmitrovich, et al., 2017 | | |zu:4723341:2PDW9KAZ}	(Zmitrovich et al. 2017a)
{ | Zmitrovich, et al., 2018 | | |zu:4723341:6IK6F8JS}	(Zmitrovich et al. 2018)
{ | Zmitrovich, et al., 2019 | | |zu:4723341:49846L82}	(Zmitrovich et al. 2019a)
{ | Zmitrovich, et al., 2019 | | |zu:4723341:UJTZYLMA}	(Zmitrovich et al. 2019b)
{ | Zmitrovich, et al., 2020 | | |zu:4723341:GB5UFSJJ}	(Zmitrovich et al. 2020)
{ | Ţura, et al., 2008 | | |zu:4723341:RBWDMCC6}	(Ţura et al. 2008)
{ | Агафонов, 2011 | | |zu:4723341:XUEXS98Y}	(Agafonov 2011)
{ | Агафонов, 2018 | | |zu:4723341:QFN5H2NJ}	(Agafonov 2018)
{ | Азбукина, et al., 2010 | | |zu:4723341:2ZC3QY9K}	(Azbukina et al. 2010)
{ | Александров, et al., 2014 | | |zu:4723341:SS6ZNMLI}	(Aleksandrov et al. 2014)
{ | Алексеев, 1927 | | |zu:4723341:SD8CXNWD}	(Alexeeff 1927)
{ | Алексеев, et al., 2006 | | |zu:4723341:VWIZ6L29}	(Alekseev et al. 2006)
{ | Алферова, & Камышев, 1977 | | |zu:4723341:MD65J6SL}	(Alferova 1977)
{ | Альструп, et al., 2005 | | |zu:4723341:UEYYWBLH}	(Alstrup et al. 2005)
{ | Алявдина, 1928 | | |zu:4723341:AU4Y4QY8}	(Alyavdina 1928)
{ | Алявдина, et al., 1949 | | |zu:4723341:J7HNL3PT}	(Alyavdina 1949)
{ | Андерссон, 2005 | | |zu:4723341:RQUDMHC8}	(Andersson 2005)
{ | Антохина, et al., 2015 | | |zu:4723341:LVLHYE4F}	(Antokhina et al. 2015)
{ | Ануфриев, et al., 2020 | | |zu:4723341:97MEF7Y7}	(Anufriev et al. 2020)
{ | Апросина, & Сионова, 2013 | | |zu:4723341:DNKCR78K}	(Aprosina & Sionova 2013)
{ | Аржененко, & Волобуев, 2017 | | |zu:4723341:4GUD4C5F}	(Arzhenenko & Volobuev 2017)
{ | Арсланов, & Литвинова, 2012 | | |zu:4723341:54RY7SQA}	(Arslanov 2012)
{ | Арсланов, & Литвинова, 2014 | | |zu:4723341:BB4NLH36}	(Arslanov 2014)
{ | Артемьева, et al., 2015 | | |zu:4723341:X3C8QEGQ}	(Artemyeva et al. 2015)
{ | Атаев, & Володина, 2020 | | |zu:4723341:ZL6HCI3H}	(Atayev & Volodina 2020)
{ | Афанасьев, et al., 2007 | | |zu:4723341:N6KH3UJI}	(Afanasyev et al. 2007)
{ | Баклан, et al., 2015 | | |zu:4723341:7APMD5GI}	(Baklan 2015)
{ | Бакланов, 2018 | | |zu:4723341:8JRKBM6J}	(Baklanov 2018)
{ | Бакташева, 2014 | | |zu:4723341:UBPS8EMJ}	(Baktasheva 2014)
{ | Баранова, & Сагалаев, 2017 | | |zu:4723341:SWDH6ZUF}	(Baranova & Salagaev 2017)
{ | Баранова, 2012 | | |zu:4723341:TGNLQYIW}	(Baranova 2012)
{ | Баранова, et al., 2014 | | |zu:4723341:ANVELLIF}	(Baranova et al. 2014)
{ | Барсукова, & Гаврилов, 2005 | | |zu:4723341:ENNA63E6}	(Barsukova 2005)
{ | Барсукова, & Дунаев, 2001 | | |zu:4723341:KU7HDQD5}	(Barsukova & Dunaev 2001)
{ | Барсукова, & Мамедова, 2001 | | |zu:4723341:LH8DBI6S}	(Barsukova & Mamedova 2001)
{ | Барсукова, 1999 | | |zu:4723341:3NC94FBE}	(Barsukova 1999)
{ | Барсукова, 2000 | | |zu:4723341:DD6Z4LGD}	(Barsukova 2000)
{ | Беденко, 1985 | | |zu:4723341:EW6KX3CX}	(Bedenko 1985)
{ | Белов, 2019 | | |zu:4723341:A8YWAQWZ}	(Belov 2019)
{ | Блинова, & Химич, 2012 | | |zu:4723341:T5LL223W}	(Blinova & Khimich 2012)
{ | Богданов, & Демаков, 2015 | | |zu:4723341:95GYBXYQ}	(Bogdanov 2015)
{ | Богданов, et al., 2013 | | |zu:4723341:625582PF}	(Bogdanov et al. 2013)
{ | Большаков, & Волобуев, 2016 | | |zu:4723341:M8IG7APC}	(Bolshakov & Volobuev 2016)
{ | Большаков, & Змитрович, 2014 | | |zu:4723341:VNXPCNB3}	(Bolshakov & Zmitrovich 2014)
{ | Большаков, & Змитрович, 2015 | | |zu:4723341:NUVZGQE2}	(Bolshakov 2015a)
{ | Большаков, & Ивойлов, 2012 | | |zu:4723341:S36G5UNT}	(Bolshakov & Ivoilov 2012a)
{ | Большаков, & Мухин, 2015 | | |zu:4723341:I8CDM25K}	(Bolshakov 2015b)
{ | Большаков, & Силаева, 2012 | | |zu:4723341:J6QM67G8}	(Bolshakov & Silaeva 2012)
{ | Большаков, et al., 2012 | | |zu:4723341:EAZCPFU7}	(Bolshakov & Ivoilov 2012b)
{ | Бондарцев, & Зингер, 1936 | | |zu:4723341:Q6Z76U83}	(Bondartsev & Singer 1936)
{ | Бондарцев, & Кравцев, 1952 | | |zu:4723341:9D97VAQA}	(Bondartsev & Kravtzev 1952)
{ | Бондарцев, & Лебедева, 1914 | | |zu:4723341:S2QLB8II}	(Bondartsev & Lebedeva 1914)
{ | Бондарцев, & Савич, 1935 | | |zu:4723341:UXUWT8V8}	(Bondartsev 1935)
{ | Бондарцев, & Савич, 1936 | | |zu:4723341:K9GUY75E}	(Bondartsev 1936)
{ | Бондарцев, & Савич, 1953 | | |zu:4723341:ZXB5NY2T}	(Bondartsev 1953)
{ | Бондарцев, 1906 | | |zu:4723341:TR7JHJ3Y}	(Bondartsev 1906)
{ | Бондарцев, 1908 | | |zu:4723341:DZ7NIM76}	(Bondartsev 1908)
{ | Бондарцев, 1912 | | |zu:4723341:YA9Y69BQ}	(Bondartsev 1912)
{ | Бондарцев, 1924 | | |zu:4723341:ADA5PJM8}	(Bondartsev 1924a)
{ | Бондарцев, 1924 | | |zu:4723341:QUPI3YHG}	(Bondartsev 1924b)
{ | Бондарцев, 1940 | | |zu:4723341:98LJ3RJL}	(Bondartsev 1940)
{ | Бондарцев, 1950 | | |zu:4723341:DQI9NXZP}	(Bondartsev 1950)
{ | Бондарцев, 1955 | | |zu:4723341:ND58XU44}	(Bondartsev 1955)
{ | Бондарцева, & Коваленко, 1998 | | |zu:4723341:EJ75MK7B}	(Bondartseva 1998)
{ | Бондарцева, & Присный, 2021 | | |zu:4723341:PJFGB2WV}	(Bondartseva & Prisny 2021)
{ | Бондарцева, & Свищ, 1993 | | |zu:4723341:MLJHT3K6}	(Bondartseva & Svishcz 1993)
{ | Бондарцева, 1962 | | |zu:4723341:UG6AI6UD}	(Bondartseva 1962)
{ | Бондарцева, 1964 | | |zu:4723341:9H8382UC}	(Bondartseva 1964)
{ | Бондарцева, 1965 | | |zu:4723341:5U388Q4M}	(Bondartseva 1965)
{ | Бондарцева, 1970 | | |zu:4723341:HKYQQY28}	(Bondartseva 1970)
{ | Бондарцева, 1995 | | |zu:4723341:5N2YLET9}	(Bondartseva 1995)
{ | Бондарцева, et al., 1978 | | |zu:4723341:KWC2TL9Q}	(Bondartseva et al. 1978)
{ | Бондарцева, et al., 1986 | | |zu:4723341:Z7QIMU7Q}	(Bondartseva & Parmasto 1986)
{ | Бондарцева, et al., 1999 | | |zu:4723341:DUIIENCV}	(Bondartseva et al. 1999b)
{ | Бондарцева, et al., 1999 | | |zu:4723341:P76SEPII}	(Bondartseva et al. 1999a)
{ | Бондарцева, et al., 2001 | | |zu:4723341:JPIU5PJ7}	(Bondartseva et al. 2001)
{ | Бондарцева, et al., 2014 | | |zu:4723341:XLJBJYBC}	(Bondartseva et al. 2014)
{ | Бондарцева, et al., 2015 | | |zu:4723341:R5IP6YQG}	(Bondartseva et al. 2015)
{ | Борисова, & Минеева, 2020 | | |zu:4723341:CF7P2IL2}	(Borisova & Mineyeva 2020)
{ | Боровичев, et al., 2021 | | |zu:4723341:G2732IA6}	(Borovichev et al. 2021b)
{ | Боровичев, et al., 2021 | | |zu:4723341:Z3H4QP3B}	(Borovichev et al. 2021a)
{ | Брежнев, 1950 | | |zu:4723341:5GJ2I2FU}	(Brezhnev 1950a)
{ | Брежнев, 1950 | | |zu:4723341:SEG26U9V}	(Brezhnev 1950b)
{ | Булгаков, et al., 2014 | | |zu:4723341:JYDUDTLI}	(Bulgakov et al. 2014)
{ | Булохов, et al., 2016 | | |zu:4723341:S5ECNI4Q}	(Bulokhov et al. 2016)
{ | Бурова, & Нездойминого, 1980 | | |zu:4723341:MLEP62AR}	(Burova & Nezdojminogo 1980)
{ | Бурова, & Нездойминого, 1982 | | |zu:4723341:P263G7NB}	(Burova & Nezdojminogo 1982)
{ | Бухгольц, 1897 | | |zu:4723341:29R229EB}	(Bucholtz 1897c)
{ | Вакин, 1932 | | |zu:4723341:IGZ4HA8Z}	(Vakin 1932)
{ | Вакин, 1954 | | |zu:4723341:4FY9CEW3}	(Vakin 1954)
{ | Ванин, 1916 | | |zu:4723341:W9Z4LLGZ}	(Vanin 1916)
{ | Ванин, 1922 | | |zu:4723341:IYFETUMQ}	(Vanin 1922)
{ | Ванин, 1923 | | |zu:4723341:845ZUNR9}	(Vanin 1923b)
{ | Ванин, 1923 | | |zu:4723341:GANP79I5}	(Vanin 1923a)
{ | Ванин, 1928 | | |zu:4723341:G48P38BQ}	(Vanin 1928a)
{ | Ванин, 1928 | | |zu:4723341:XJ6WPJMN}	(Vanin 1928b)
{ | Ванин, 1929 | | |zu:4723341:XGIVA8HM}	(Vanin 1929)
{ | Варлыгина, et al., 2008 | | |zu:4723341:RQMLT3RY}	(Varlygina et al. 2008)
{ | Варлыгина, et al., 2018 | | |zu:4723341:VED8ZKJ7}	(Varlygina et al. 2018)
{ | Васильева, & Любарский, 1977 | | |zu:4723341:I8LFTVGE}	(Vassiljeva 1977)
{ | Веселовская, 2007 | | |zu:4723341:QEEZHCFP}	(Veselovskaya 2007)
{ | Вет, & Самосюк, 1943 | | |zu:4723341:DTCP8JUS}	(Vet 1943)
{ | Веткин, et al., 2015 | | |zu:4723341:5TU8I6MP}	(Vetkin et al. 2015)
{ | Винер, et al., 2018 | | |zu:4723341:BKFHLFQJ}	(Viner & Kurakov 2018)
{ | Вишневский, 1998 | | |zu:4723341:3XNYEBS9}	(Vishnevsky 1998)
{ | Владимирова, & Иванова, 2010 | | |zu:4723341:QIJN2TAN}	(Vladimirova & Ivanova 2010)
{ | Владимирова, et al., 2018 | | |zu:4723341:HE7XAIBJ}	(Vladimirova & Potapov 2018)
{ | Волобуев, & Большаков, 2016 | | |zu:4723341:BJLVJ9KJ}	(Volobuev & Bolshakov 2016)
{ | Волобуев, & Бондарцева, 2012 | | |zu:4723341:9VI74J7T}	(Volobuev & Bondartseva 2012)
{ | Волобуев, 2011 | | |zu:4723341:W33823KX}	(Volobuev 2011)
{ | Волобуев, 2012 | | |zu:4723341:K97VNHHR}	(Volobuev 2012a)
{ | Волобуев, 2012 | | |zu:4723341:S6H2YFG5}	(Volobuev 2012b)
{ | Волобуев, 2013 | | |zu:4723341:3LBKKYYV}	(Volobuev 2013b)
{ | Волобуев, 2013 | | |zu:4723341:S4PHG9Y5}	(Volobuev 2013c)
{ | Волобуев, 2013 | | |zu:4723341:V5NCJ4F3}	(Volobuev 2013d)
{ | Волобуев, 2014 | | |zu:4723341:D94LX5LH}	(Volobuev 2014)
{ | Волобуев, 2015 | | |zu:4723341:BETMZBVJ}	(Volobuev 2015b)
{ | Волобуев, 2015 | | |zu:4723341:F8W58HKT}	(Volobuev 2015a)
{ | Волобуев, et al., 2013 | | |zu:4723341:M2Z32HMJ}	(Volobuev et al. 2013b)
{ | Волобуев, et al., 2013 | | |zu:4723341:U3GIC3KA}	(Volobuev et al. 2013a)
{ | Волобуев, et al., 2019 | | |zu:4723341:MNS5JX5G}	(Volobuev et al. 2019b)
{ | Волоснова, & Иванчев, 2005 | | |zu:4723341:9ZF9PXJ7}	(Volosnova 2005)
{ | Волоснова, & Иванчев, 2008 | | |zu:4723341:HBN3M7NA}	(Volosnova 2008)
{ | Волоснова, 1997 | | |zu:4723341:NL533TCH}	(Volosnova 1997)
{ | Волоснова, 2007 | | |zu:4723341:5FPYF6WU}	(Volosnova 2007)
{ | Волоснова, et al., 2014 | | |zu:4723341:8BGX2E8W}	(Volosnova 2014)
{ | Воронина, et al., 2012 | | |zu:4723341:4FK5DIK3}	(Voronina et al. 2012)
{ | Воронина, et al., 2014 | | |zu:4723341:CR8UHUQN}	(Voronina et al. 2014)
{ | Воронцовский, 1921 | | |zu:4723341:USRRQ2VS}	(Vorontsovsky 1921)
{ | Гаврицкова, & Гордеева, 2007 | | |zu:4723341:NRKQFP7S}	(Gavritskova & Gordeyeva 2007)
{ | Гафурова, et al., 2020 | | |zu:4723341:ATW5MERJ}	(Gafurova et al. 2020)
{ | Гельтман, 2018 | | |zu:4723341:74GY4X75}	(Geltman 2018a)
{ | Гельтман, 2018 | | |zu:4723341:8UF64T9V}	(Geltman 2018b)
{ | Гельтман, et al., 2018 | | |zu:4723341:N8L2KVAS}	(Geltman et al. 2018)
{ | Гиляровский, 1926 | | |zu:4723341:8TTYZKGD}	(Giljarowsky 1926c)
{ | Гиляровский, 1926 | | |zu:4723341:BW523PQ4}	(Giljarowsky 1926b)
{ | Гиляровский, 1926 | | |zu:4723341:FQ4UUUPT}	(Giljarowsky 1926a)
{ | Гимельбрант, et al., 2011 | | |zu:4723341:XBR6NNUN}	(Himelbrant et al. 2011)
{ | Горленко, et al., 1989 | | |zu:4723341:LSFV29NX}	(Gorlenko et al. 1989)
{ | Давыдкина, & Юпина, 1988 | | |zu:4723341:VMDASH3N}	(Davydkina & Yupina 1988)
{ | Давыдкина, et al., 1989 | | |zu:4723341:HX5D82RM}	(Davydkina et al. 1989)
{ | Дедков, & Гришанов, 2010 | | |zu:4723341:7N8I8BIP}	(Dedkov & Grishanov 2010)
{ | Дедков, et al., 2007 | | |zu:4723341:96YXU8TQ}	(Dedkov et al. 2007a)
{ | Дедков, et al., 2007 | | |zu:4723341:BCL7DGDK}	(Dedkov et al. 2007b)
{ | Дудка, et al., 2018 | | |zu:4723341:AN5VUWBP}	(Dudka et al. 2018)
{ | Дудка, et al., 2021 | | |zu:4723341:JHTT9ZRA}	(Dudka et al. 2021)
{ | Дунаев, 1986 | | |zu:4723341:48VW8NGV}	(Dunaev 1986)
{ | Дунаев, et al., 2015 | | |zu:4723341:GPG93Z87}	(Dunaev et al. 2015)
{ | Дёгтева, 2019 | | |zu:4723341:W6WLL2PH}	(Dyogteva 2019)
{ | Ежов, & Змитрович, 2013 | | |zu:4723341:T8IYHMNE}	(Ezhov 2013)
{ | Ежов, & Руоколайнен, 2011 | | |zu:4723341:KQRHE3IM}	(Ezhov & Ruokolainen 2011)
{ | Ежов, & Руоколайнен, 2016 | | |zu:4723341:Q8Y33TE6}	(Ezhov & Ruokolainen 2016)
{ | Ежов, & Шатковская, 2017 | | |zu:4723341:G7TSZ9TV}	(Ezhov 2017)
{ | Ежов, 2012 | | |zu:4723341:7KEEZ9NS}	(Ezhov 2012)
{ | Ежов, 2014 | | |zu:4723341:V46EQPJR}	(Ezhov 2014a)
{ | Ежов, 2016 | | |zu:4723341:83YX5IA9}	(Ezhov 2016)
{ | Ежов, 2020 | | |zu:4723341:XG2HMP9E}	(Ezhov 2020)
{ | Ежов, et al., 2008 | | |zu:4723341:R64GTHIC}	(Ezhov et al. 2008)
{ | Ежов, et al., 2010 | | |zu:4723341:MKKK5KPG}	(Ezhov et al. 2010)
{ | Ежов, et al., 2011 | | |zu:4723341:MDYSMBQP}	(Ezhov et al. 2011)
{ | Ежов, et al., 2012 | | |zu:4723341:NTQRD7KQ}	(Ezhov et al. 2012b)
{ | Ежов, et al., 2014 | | |zu:4723341:EFRUETZA}	(Ezhov et al. 2014)
{ | Ежов, et al., 2014 | | |zu:4723341:RJYUSFU8}	(Ezhov 2014b)
{ | Ежов, et al., 2015 | | |zu:4723341:75LLZ42B}	(Ezhov 2015)
{ | Ежов, et al., 2016 | | |zu:4723341:EKFL6XHN}	(Ezhov et al. 2016)
{ | Ежов, et al., 2017 | | |zu:4723341:QFJP6SKK}	(Ezhov et al. 2017b)
{ | Ежов, et al., 2019 | | |zu:4723341:YW9Z7ZT3}	(Ezhov et al. 2019)
{ | Еленев, 1904 | | |zu:4723341:5LI59G2M}	(Elenew 1904)
{ | Еленевский, 2002 | | |zu:4723341:6V3UVG9B}	(Elenevskiy 2002)
{ | Ершов, & Ежов, 2009 | | |zu:4723341:22ZFWHSA}	(Ershov & Ezhov 2009)
{ | Жукова, et al., 2017 | | |zu:4723341:XTZ24PQT}	(Zhukova et al. 2017)
{ | Журбенко, & Гудовичева, 2013 | | |zu:4723341:SLZDN9MJ}	(Zhurbenko & Gudovicheva 2013)
{ | Заводовский, 2012 | | |zu:4723341:79ELI4SJ}	(Zavodovsky 2012)
{ | Заводовский, 2015 | | |zu:4723341:QKK4RE5J}	(Zavodovskii 2015)
{ | Зингер, 1938 | | |zu:4723341:RPCDSSDB}	(Singer 1938)
{ | Змитрович, & Васильев, 2006 | | |zu:4723341:5SUPGDNS}	(Zmitrovich & Vasilyev 2006)
{ | Змитрович, & Спирин, 2002 | | |zu:4723341:H35NQ5D9}	(Zmitrovich & Spirin 2002b)
{ | Змитрович, & Спирин, 2002 | | |zu:4723341:JFVNPNDA}	(Zmitrovich & Spirin 2002a)
{ | Змитрович, & Спирин, 2004 | | |zu:4723341:22EXNW5E}	(Zmitrovich & Spirin 2004)
{ | Змитрович, 1997 | | |zu:4723341:JFG9IU7X}	(Zmitrovich 1997)
{ | Змитрович, 1999 | | |zu:4723341:4KHABMYJ}	(Zmitrovich 1999a)
{ | Змитрович, 1999 | | |zu:4723341:BLFSX7YB}	(Zmitrovich 1999b)
{ | Змитрович, 2001 | | |zu:4723341:7Z8FBZGC}	(Zmitrovich 2001)
{ | Змитрович, 2002 | | |zu:4723341:2V3HID6U}	(Zmitrovich 2002)
{ | Змитрович, 2004 | | |zu:4723341:272NQI8W}	(Zmitrovich 2004)
{ | Змитрович, 2008 | | |zu:4723341:EGVC6S5R}	(Zmitrovich 2008)
{ | Змитрович, et al., 2004 | | |zu:4723341:KXR3UE7E}	(Zmitrovich et al. 2004)
{ | Змитрович, et al., 2005 | | |zu:4723341:UD4XBHWM}	(Zmitrovich et al. 2005)
{ | Змитрович, et al., 2008 | | |zu:4723341:BZXPWMUD}	(Zmitrovich et al. 2008b)
{ | Змитрович, et al., 2008 | | |zu:4723341:WJP6B92U}	(Zmitrovich et al. 2008a)
{ | Змитрович, et al., 2015 | | |zu:4723341:J9XLELL8}	(Zmitrovich et al. 2015b)
{ | Змитрович, et al., 2017 | | |zu:4723341:SZXH2SK6}	(Zmitrovich et al. 2017b)
{ | Золотухин, 2002 | | |zu:4723341:MCV4VXLB}	(Zolotukhin 2002)
{ | Иванов, 1981 | | |zu:4723341:L8VVGNX7}	(Ivanov 1981)
{ | Иванов, 1982 | | |zu:4723341:KJKNUG2P}	(Ivanov 1982)
{ | Иванов, 1999 | | |zu:4723341:X85HKCKI}	(Ivanov 1999)
{ | Иванов, 2001 | | |zu:4723341:823J6JI2}	(Ivanov 2001)
{ | Иванов, 2013 | | |zu:4723341:J4HDZ4YT}	(Ivanov 2013)
{ | Иванов, 2019 | | |zu:4723341:WMS3ASNG}	(Ivanov 2019)
{ | Ивантер, & Кузнецов, 2007 | | |zu:4723341:2CG2N53K}	(Ivanter & Kuznetsov 2007)
{ | Иванчев, & Казакова, 2011 | | |zu:4723341:LP2EQX38}	(Ivanchev & Kazakova 2011)
{ | Ивойлов, & Большаков, 2011 | | |zu:4723341:49P92T5J}	(Ivoilov & Bolshakov 2011b)
{ | Ивойлов, & Большаков, 2011 | | |zu:4723341:NM5RVNXL}	(Ivoilov & Bolshakov 2011a)
{ | Исаев, 2010 | | |zu:4723341:5DSJLTNL}	(Isaev 2010)
{ | Исаева, & Химич, 2015 | | |zu:4723341:R2V5X6CM}	(Isaeva & Khimich 2015)
{ | Исаева, et al., 2011 | | |zu:4723341:U5IZM3J5}	(Isaeva & Khimich 2011)
{ | Казакевич, et al., 1932 | | |zu:4723341:N855MM2S}	(Kazakevich & Prisyazhnyuk 1932)
{ | Каламеэс, & Коваленко, 1984 | | |zu:4723341:58TD2VSE}	(Kalamees & Kovalenko 1984)
{ | Канищева, & Сергеев, 2018 | | |zu:4723341:KXTIGBVA}	(Kanishcheva & Sergeev 2018)
{ | Капитонов, 2008 | | |zu:4723341:7H2UIAMU}	(Kapitonov 2008)
{ | Капитонов, 2013 | | |zu:4723341:48CPWUXP}	(Kapitonov 2013)
{ | Каракулин, & Лобик, 1915 | | |zu:4723341:372V3M45}	(Karakulin & Lobik 1915)
{ | Каратыгин, et al., 1999 | | |zu:4723341:H6F8WNN7}	(Karatygin et al. 1999)
{ | Карпова-Бенуа, 1931 | | |zu:4723341:6R35NMKR}	(Karpova-Benois 1931)
{ | Кириллов, & Лугинина, 2011 | | |zu:4723341:BEPGMMHE}	(Kirillov & Luginina 2011)
{ | Клюшникова, et al., 1970 | | |zu:4723341:7CYC8DXG}	(Klyushnikova et al. 1970)
{ | Коваленко, et al., 2003 | | |zu:4723341:RA6A96V9}	(Kovalenko et al. 2003)
{ | Колганихина, 2018 | | |zu:4723341:5PCKSUHM}	(Kolganikhina 2018)
{ | Колчанов, et al., 2017 | | |zu:4723341:XE2PMBCI}	(Kolchanov et al. 2017)
{ | Комирная, 1952 | | |zu:4723341:5HLRU5UN}	(Komirnaya 1952)
{ | Комирная, et al., 1970 | | |zu:4723341:NWRML85Y}	(Komirnaya 1970)
{ | Конаков, et al., 2019 | | |zu:4723341:98S83V9M}	(Konakov et al. 2019)
{ | Кондакова, 2020 | | |zu:4723341:BULQBYXK}	(Kondakova 2020)
{ | Конечная, & Суслова, 2004 | | |zu:4723341:GDEBZ5DK}	(Konechnaya & Suslova 2004)
{ | Конечная, et al., 2017 | | |zu:4723341:IT256QHW}	(Konechnaya et al. 2017)
{ | Константинова, et al., 2014 | | |zu:4723341:QL84GXEW}	(Konstantinova et al. 2014)
{ | Косолапов, & Дёгтева, 2011 | | |zu:4723341:EHXXEYIS}	(Kosolapov 2011)
{ | Косолапов, & Змитрович, 2006 | | |zu:4723341:3N5J6MVN}	(Kosolapov & Zmitrovich 2006)
{ | Косолапов, & Таскаев, 2005 | | |zu:4723341:39HPJSII}	(Kosolapov 2005)
{ | Косолапов, 2004 | | |zu:4723341:P3P6NZ7C}	(Kosolapov 2004)
{ | Косолапов, 2008 | | |zu:4723341:V8VMXGJ9}	(Kosolapov 2008b)
{ | Косолапов, 2008 | | |zu:4723341:XV3KZ6IQ}	(Kosolapov 2008a)
{ | Коткова (Лосицкая), & Руоколайнен, 2003 | | |zu:4723341:ZNYSRNN4}	(Kotkova (Lositskaya) & Ruokolainen 2003)
{ | Коткова, & Бондарцева, 2006 | | |zu:4723341:RMRB3HUW}	(Kotkova & Bondartseva 2006)
{ | Коткова, & Желтухин, 2012 | | |zu:4723341:SDP9IXQG}	(Kotkova 2012c)
{ | Коткова, & Исаева, 2007 | | |zu:4723341:QX2RJDHV}	(Kotkova & Isaeva 2007)
{ | Коткова, & Колганихина, 2019 | | |zu:4723341:77S73823}	(Kotkova & Kolganikhina 2019)
{ | Коткова, & Крутов, 2009 | | |zu:4723341:KY4BALNS}	(Kotkova & Krutov 2009)
{ | Коткова, & Литвинова, 2012 | | |zu:4723341:4LEEMGTD}	(Kotkova 2012d)
{ | Коткова, & Нотов, 2018 | | |zu:4723341:C3XQ8CPW}	(Kotkova & Notov 2018)
{ | Коткова, & Попов, 2013 | | |zu:4723341:AXZ8ZMPC}	(Kotkova & Popov 2013)
{ | Коткова, & Стороженко, 2012 | | |zu:4723341:9PMJADGQ}	(Kotkova & Storozhenko 2012)
{ | Коткова, & Цвелев, 2007 | | |zu:4723341:9Y5WI8UG}	(Kotkova 2007b)
{ | Коткова, & Целищева, 2013 | | |zu:4723341:FMQEY2PU}	(Kotkova 2013d)
{ | Коткова, & Целищева, 2013 | | |zu:4723341:NHVDIP9S}	(Kotkova 2013f)
{ | Коткова, & Целищева, 2014 | | |zu:4723341:4XBEFFTK}	(Kotkova 2014d)
{ | Коткова, & Целищева, 2015 | | |zu:4723341:86BEK8E8}	(Kotkova 2015c)
{ | Коткова, 2003 | | |zu:4723341:CNF7B72U}	(Kotkova 2003)
{ | Коткова, 2004 | | |zu:4723341:9LV8UANS}	(Kotkova 2004c)
{ | Коткова, 2004 | | |zu:4723341:I2UXX2N8}	(Kotkova 2004a)
{ | Коткова, 2004 | | |zu:4723341:T952RJY7}	(Kotkova 2004b)
{ | Коткова, 2005 | | |zu:4723341:9GNYGQTP}	(Kotkova 2005)
{ | Коткова, 2006 | | |zu:4723341:VXYCE6N2}	(Kotkova 2006b)
{ | Коткова, 2006 | | |zu:4723341:ZEZIR5RS}	(Kotkova 2006a)
{ | Коткова, 2007 | | |zu:4723341:8WI85IZC}	(Kotkova 2007c)
{ | Коткова, 2007 | | |zu:4723341:G2NP88IA}	(Kotkova 2007a)
{ | Коткова, 2008 | | |zu:4723341:T8LF9DSH}	(Kotkova 2008a)
{ | Коткова, 2008 | | |zu:4723341:UN9R2QDX}	(Kotkova 2008b)
{ | Коткова, 2009 | | |zu:4723341:DR7SIJ79}	(Kotkova 2009c)
{ | Коткова, 2009 | | |zu:4723341:PH42BNV4}	(Kotkova 2009b)
{ | Коткова, 2009 | | |zu:4723341:XWQII8NI}	(Kotkova 2009a)
{ | Коткова, 2010 | | |zu:4723341:ETDPU4S2}	(Kotkova 2010c)
{ | Коткова, 2010 | | |zu:4723341:RU5VZNQF}	(Kotkova 2010b)
{ | Коткова, 2011 | | |zu:4723341:75E997WR}	(Kotkova 2011b)
{ | Коткова, 2011 | | |zu:4723341:S4R26MJH}	(Kotkova 2011d)
{ | Коткова, 2011 | | |zu:4723341:TTR35DTA}	(Kotkova 2011c)
{ | Коткова, 2012 | | |zu:4723341:FHK3CSCV}	(Kotkova 2012b)
{ | Коткова, 2012 | | |zu:4723341:HQ427P6N}	(Kotkova 2012f)
{ | Коткова, 2012 | | |zu:4723341:VIUIHUUJ}	(Kotkova 2012g)
{ | Коткова, 2012 | | |zu:4723341:VNYR7D42}	(Kotkova 2012a)
{ | Коткова, 2012 | | |zu:4723341:VRUYRD34}	(Kotkova 2012e)
{ | Коткова, 2013 | | |zu:4723341:FDTKFXZR}	(Kotkova 2013c)
{ | Коткова, 2013 | | |zu:4723341:KN6PJK95}	(Kotkova 2013e)
{ | Коткова, 2013 | | |zu:4723341:UAJ6S6KS}	(Kotkova 2013a)
{ | Коткова, 2014 | | |zu:4723341:BBM5DVJT}	(Kotkova 2014b)
{ | Коткова, 2014 | | |zu:4723341:DYF8JT28}	(Kotkova 2014e)
{ | Коткова, 2014 | | |zu:4723341:SKWC8HPQ}	(Kotkova 2014a)
{ | Коткова, 2014 | | |zu:4723341:XND48DRL}	(Kotkova 2014c)
{ | Коткова, 2015 | | |zu:4723341:32SYTGL6}	(Kotkova 2015a)
{ | Коткова, 2015 | | |zu:4723341:FGRUZXRM}	(Kotkova 2015b)
{ | Коткова, 2016 | | |zu:4723341:BA9AXT5H}	(Kotkova 2016c)
{ | Коткова, 2016 | | |zu:4723341:EFECV8PR}	(Kotkova 2016a)
{ | Коткова, 2016 | | |zu:4723341:M4EM2H7I}	(Kotkova 2016b)
{ | Коткова, 2017 | | |zu:4723341:FVNR83FT}	(Kotkova 2017b)
{ | Коткова, 2018 | | |zu:4723341:J3CUZUEI}	(Kotkova 2018)
{ | Коткова, 2019 | | |zu:4723341:CBYNLW82}	(Kotkova 2019b)
{ | Коткова, 2019 | | |zu:4723341:N23FVQWX}	(Kotkova 2019a)
{ | Коткова, 2020 | | |zu:4723341:9NMT7HLY}	(Kotkova 2020)
{ | Коткова, 2021 | | |zu:4723341:EUKKZVYL}	(Kotkova 2021)
{ | Коткова, et al., 2004 | | |zu:4723341:N6GKGHKX}	(Kotkova et al. 2004)
{ | Коткова, et al., 2005 | | |zu:4723341:4T9JV6VA}	(Kotkova et al. 2005)
{ | Коткова, et al., 2006 | | |zu:4723341:RA6QHCAX}	(Kotkova et al. 2006b)
{ | Коткова, et al., 2006 | | |zu:4723341:VHXUKCMY}	(Kotkova et al. 2006a)
{ | Коткова, et al., 2007 | | |zu:4723341:HVHALNL4}	(Kotkova et al. 2007)
{ | Коткова, et al., 2009 | | |zu:4723341:XLS65YTY}	(Kotkova et al. 2009)
{ | Коткова, et al., 2010 | | |zu:4723341:YNUV3E77}	(Kotkova 2010a)
{ | Коткова, et al., 2011 | | |zu:4723341:4SZLGD8J}	(Kotkova et al. 2011)
{ | Коткова, et al., 2011 | | |zu:4723341:NIZPMP4X}	(Kotkova 2011a)
{ | Коткова, et al., 2012 | | |zu:4723341:B5IMFMRP}	(Kotkova & Popov 2012)
{ | Коткова, et al., 2013 | | |zu:4723341:ZXQYN3S9}	(Kotkova 2013b)
{ | Коткова, et al., 2015 | | |zu:4723341:J9XMZNSA}	(Kotkova et al. 2015)
{ | Коткова, et al., 2017 | | |zu:4723341:9ZD4IURH}	(Kotkova 2017a)
{ | Коткова, et al., 2018 | | |zu:4723341:A9UJX5Q2}	(Kotkova et al. 2018)
{ | Коткова, et al., 2020 | | |zu:4723341:DDLF56AH}	(Kotkova et al. 2020)
{ | Кравченко, et al., 2017 | | |zu:4723341:PYH38CE5}	(Kravchenko et al. 2017)
{ | Кривошеева, & Симанков, 1969 | | |zu:4723341:8DDPF67Z}	(Krivosheeva 1969)
{ | Кругликов, 2007 | | |zu:4723341:2Q2U8TLD}	(Kruglikov 2007)
{ | Крутов, & Руоколайнен, 2008 | | |zu:4723341:ZFNQNLZT}	(Krutov & Ruokolainen 2008)
{ | Крутов, & Руоколайнен, 2010 | | |zu:4723341:Y5DMAIPU}	(Krutov & Ruokolainen 2010)
{ | Крутов, et al., 2004 | | |zu:4723341:JAECNGSN}	(Krutov 2004)
{ | Крутов, et al., 2014 | | |zu:4723341:6H54ZWJ9}	(Krutov et al. 2014)
{ | Кузнецов, & Ремезов, 1960 | | |zu:4723341:C5IC3PRX}	(Kuznetsov 1960)
{ | Кузнецов, 2020 | | |zu:4723341:UVW5GHCS}	(Kuznetsov 2020)
{ | Курагина, & Мухин, 2015 | | |zu:4723341:PEC6SVKZ}	(Kuragina 2015)
{ | Курагина, 2013 | | |zu:4723341:5KYJ8QAW}	(Kuragina 2013)
{ | Курагина, 2014 | | |zu:4723341:CHLML34P}	(Kuragina 2014a)
{ | Курагина, 2014 | | |zu:4723341:ZAQ7ADC8}	(Kuragina 2014b)
{ | Курагина, et al., 2018 | | |zu:4723341:XWP5R6WN}	(Kuragina et al. 2018)
{ | Курочкин, & Коткова, 2011 | | |zu:4723341:UWBKXP5M}	(Kurochkin & Kotkova 2011)
{ | Курочкин, & Медведев, 2015 | | |zu:4723341:BI2GSMEH}	(Kurochkin & Medvedev 2015)
{ | Курочкин, 2016 | | |zu:4723341:RQL25MQS}	(Kurochkin 2016)
{ | Кутова, & Новиков, 1957 | | |zu:4723341:DIL8KU59}	(Kutova 1957)
{ | Кычанова, 1972 | | |zu:4723341:B7GYJ7G6}	(Kychanova 1972)
{ | Лазарева, 1997 | | |zu:4723341:DWBXGSRZ}	(Lazareva 1997)
{ | Лазарева, 1998 | | |zu:4723341:D5LRWPWU}	(Lazareva 1998)
{ | Лебедева, 1933 | | |zu:4723341:DNMZ3Q7K}	(Lebedeva 1933)
{ | Левицкая, 1995 | | |zu:4723341:3QSHMH4H}	(Levitskaya 1995)
{ | Лобик, 1914 | | |zu:4723341:IAHQB9WS}	(Lobik 1914)
{ | Лосицкая, 1997 | | |zu:4723341:IMZQ2DNL}	(Lositskaya 1997)
{ | Лосицкая, 1998 | | |zu:4723341:QT5CF8GJ}	(Lositskaya 1998)
{ | Лосицкая, 1999 | | |zu:4723341:3L9VZH7R}	(Lositskaya 1999)
{ | Лосицкая, 2000 | | |zu:4723341:8HTPUXU4}	(Lositskaya 2000b)
{ | Лосицкая, 2000 | | |zu:4723341:EPH7ZPFK}	(Lositskaya 2000a)
{ | Лосицкая, 2002 | | |zu:4723341:5UTNUGP5}	(Lositskaya 2002)
{ | Лосицкая, et al., 1999 | | |zu:4723341:YTMP89KP}	(Lositskaya et al. 1999)
{ | Маленкова, & Сафонов, 2016 | | |zu:4723341:8JBG89BE}	(Malenkova & Safonov 2016)
{ | Малышева, & Акулов, 2012 | | |zu:4723341:EEHHMK7I}	(Malysheva & Akulov 2012)
{ | Малышева, & Малышева, 2004 | | |zu:4723341:QNTZKJUN}	(Malysheva & Malysheva 2004)
{ | Малышева, & Малышева, 2005 | | |zu:4723341:UAXIMP3H}	(Malysheva & Malysheva 2005)
{ | Малышева, & Малышева, 2006 | | |zu:4723341:7TKZSCAD}	(Malysheva & Malysheva 2006)
{ | Малышева, & Малышева, 2007 | | |zu:4723341:6YH5FLVF}	(Malysheva & Malysheva 2007)
{ | Малышева, & Малышева, 2008 | | |zu:4723341:C5UXP8YZ}	(Malysheva & Malysheva 2008)
{ | Малышева, & Федосова, 2012 | | |zu:4723341:YNKUDQPQ}	(Malysheva & Fedosova 2012)
{ | Малышева, 2001 | | |zu:4723341:QUSDPY4E}	(Malysheva 2001)
{ | Малышева, 2002 | | |zu:4723341:BPTN4B4U}	(Malysheva 2002)
{ | Малышева, 2005 | | |zu:4723341:UXSB34C4}	(Malysheva 2005)
{ | Малышева, 2006 | | |zu:4723341:Q68ZZYIT}	(Malysheva 2006b)
{ | Малышева, 2012 | | |zu:4723341:VAMRYP7D}	(Malysheva 2012)
{ | Малышева, 2013 | | |zu:4723341:SKKNVWKA}	(Malysheva 2013)
{ | Малышева, et al., 2006 | | |zu:4723341:GBCETGG3}	(Malysheva et al. 2006)
{ | Малышева, et al., 2007 | | |zu:4723341:G4GMDETF}	(Malysheva et al. 2007)
{ | Малышева, et al., 2014 | | |zu:4723341:PTKZ6GR7}	(Malysheva & Ordynets 2014)
{ | Малышева, et al., 2017 | | |zu:4723341:CZ2PCCWB}	(Malysheva et al. 2017)
{ | Малышева, et al., 2018 | | |zu:4723341:8Y7M57CR}	(Malysheva et al. 2018c)
{ | Марков, & Горчаковский, 1990 | | |zu:4723341:QDKV2AQE}	(Markov 1990)
{ | Мартыненко, 2021 | | |zu:4723341:58BYRHAF}	(Martynenko 2021)
{ | Марфин, & Димитриев, 2001 | | |zu:4723341:XEBIQEQU}	(Marfin 2001)
{ | Матвеева, 2006 | | |zu:4723341:C5CWKNSG}	(Matveyeva 2006)
{ | Матвеева, 2020 | | |zu:4723341:8EE66WN6}	(Matveyeva 2020)
{ | Миркин, 2011 | | |zu:4723341:L5UQQSKV}	(Mirkin 2011)
{ | Мишулин, et al., 2017 | | |zu:4723341:G4FSUF2H}	(Mishulin & Skripchenko 2017)
{ | Мишулин, et al., 2018 | | |zu:4723341:9MMUUPX6}	(Mishulin et al. 2018)
{ | Мишулин, et al., 2018 | | |zu:4723341:BADH6ZLV}	(Mishulin & Skripchenko 2018)
{ | Мишулин, et al., 2019 | | |zu:4723341:YDRPRHUK}	(Mishulin et al. 2019)
{ | Морозова, & Цвелев, 2007 | | |zu:4723341:QAD37CCG}	(Morozova 2007)
{ | Морозова, et al., 2008 | | |zu:4723341:Z3JJEMCA}	(Morozova et al. 2008)
{ | Морозова, et al., 2014 | | |zu:4723341:38KD64TJ}	(Morozova et al. 2014)
{ | Морочковський, 1948 | | |zu:4723341:I5Z6X8NB}	(Morochkovsky 1948)
{ | Мосолов, 1906 | | |zu:4723341:3LQSFVES}	(Mosolov 1906)
{ | Мурашкинский, & Кулешов, 1940 | | |zu:4723341:ZJJT7M55}	(Murashkinsky 1940)
{ | Мурашкинский, 1911 | | |zu:4723341:VWR3UZRS}	(Murashkinsky 1911)
{ | Мучник, & Светашева, 2021 | | |zu:4723341:7WXGWSGB}	(Muchnik & Svetasheva 2021)
{ | Мучник, et al., 2009 | | |zu:4723341:JCI46W6V}	(Muchnik et al. 2009)
{ | Мучник, et al., 2020 | | |zu:4723341:AUJVCY5L}	(Muchnik et al. 2020)
{ | Назиров, et al., 2016 | | |zu:4723341:ZH7TWD28}	(Nazirov et al. 2016)
{ | Наумов, 1915 | | |zu:4723341:CVW3FSXS}	(Naoumoff 1915)
{ | Николаев, 1983 | | |zu:4723341:Z6UTRQGB}	(Nikolayev 1983)
{ | Николаев, 1986 | | |zu:4723341:F3MCVZLZ}	(Nikolayev 1986)
{ | Николаева, & Савич, 1940 | | |zu:4723341:37TJ33X9}	(Nikolajeva 1940)
{ | Николаева, & Савич, 1950 | | |zu:4723341:3QGYTAI4}	(Nikolajeva 1950)
{ | Николаева, & Савич, 1953 | | |zu:4723341:C77DCNY7}	(Nikolajeva 1953)
{ | Николаева, & Савич, 1954 | | |zu:4723341:JCD9WNTA}	(Nikolajeva 1954)
{ | Николаева, 1955 | | |zu:4723341:MNBFWEQY}	(Nikolajeva 1955)
{ | Николаева, 1961 | | |zu:4723341:MBA9GVMI}	(Nikolajeva 1961)
{ | Николаева, 1970 | | |zu:4723341:7QH2ARK3}	(Nikolajeva 1970)
{ | Новиков, & Силаева, 2003 | | |zu:4723341:GQIWA98Y}	(Novikov & Silaeva 2003)
{ | Новоселов, 2008 | | |zu:4723341:JVMJVNIW}	(Novoselov 2008)
{ | Носков, 2004 | | |zu:4723341:9ZY2FEKH}	(Noskov 2004)
{ | Нотов, & Гимельбрант, 2013 | | |zu:4723341:E3X2HNFA}	(Notov & Himelbrant 2013)
{ | Нотов, & Гимельбрант, 2017 | | |zu:4723341:BNSMSYKI}	(Notov & Himelbrant 2017)
{ | Нотов, et al., 2011 | | |zu:4723341:D7H5A8L3}	(Notov et al. 2011)
{ | Нянковский, 2015 | | |zu:4723341:KJU73SVL}	(Nyankovsky 2015)
{ | Ордынец, et al., 2014 | | |zu:4723341:Q7IS4VUE}	(Ordynets & Volobuev 2014)
{ | Орлов, et al., 2016 | | |zu:4723341:JPY4PAI2}	(Orlov et al. 2016)
{ | Охапкин, 2005 | | |zu:4723341:VAN56YZF}	(Okhapkin 2005)
{ | Паламарчук, et al., 2019 | | |zu:4723341:DHRC9WGU}	(Palamarchuk et al. 2019)
{ | Пармасто, 1959 | | |zu:4723341:SJWGMBHV}	(Parmasto 1959)
{ | Пармасто, 1962 | | |zu:4723341:3Q4PYJL4}	(Parmasto 1962)
{ | Пармасто, 1963 | | |zu:4723341:IF2327TT}	(Parmasto 1963)
{ | Пармасто, 1965 | | |zu:4723341:GSA3Q29Z}	(Parmasto 1965b)
{ | Пармасто, 1967 | | |zu:4723341:PB46EBIM}	(Parmasto 1967b)
{ | Пармасто, 1970 | | |zu:4723341:UXUMMY9W}	(Parmasto 1971)
{ | Пармасто, 1973 | | |zu:4723341:SF3GSSG6}	(Parmasto 1973)
{ | Переведенцев, & Селиванов, 1985 | | |zu:4723341:WKM28CEU}	(Perevedentsev 1985)
{ | Переведенцев, et al., 1980 | | |zu:4723341:VU3AMRFL}	(Perevedentsev & Stepanova 1980)
{ | Переведенцев, et al., 1981 | | |zu:4723341:GMRUDEQS}	(Perevedentsev & Stepanova 1981)
{ | Переведенцев, et al., 1983 | | |zu:4723341:VV3Y4TA8}	(Perevedentsev & Stepanova 1983)
{ | Петров, 1910 | | |zu:4723341:GUEB6KAV}	(Petroff 1910)
{ | Петров, 1911 | | |zu:4723341:9VAMAT6Y}	(Petroff 1911)
{ | Пилипенко, et al., 2014 | | |zu:4723341:FWMLDIEW}	(Pilipenko et al. 2014)
{ | Пипенко, 2012 | | |zu:4723341:CQLEI49N}	(Pipenko 2012)
{ | Попов, & Волобуев, 2014 | | |zu:4723341:HS3DQK66}	(Popov & Volobuev 2014)
{ | Попов, & Коткова, 2012 | | |zu:4723341:SIID63NX}	(Popov & Kotkova 2012)
{ | Попов, 2001 | | |zu:4723341:F4AZT7NS}	(Popov 2001)
{ | Попов, et al., 2012 | | |zu:4723341:M8JVL3NL}	(Popov 2012)
{ | Попов, et al., 2013 | | |zu:4723341:8NCWYD2L}	(Popov et al. 2013)
{ | Потапов, & Лукьянова, 2015 | | |zu:4723341:YZRFFPPP}	(Potapov 2015)
{ | Потапов, 2016 | | |zu:4723341:2AIGB9KS}	(Potapov 2016a)
{ | Потапов, 2016 | | |zu:4723341:QZMSJMP6}	(Potapov 2016b)
{ | Потапов, et al., 2013 | | |zu:4723341:WWUQ23PI}	(Potapov et al. 2013)
{ | Предтеченская, & Руоколайнен, 2013 | | |zu:4723341:EFP8VZSL}	(Predtechenskaya & Ruokolainen 2013)
{ | Предтеченская, et al., 2008 | | |zu:4723341:8VWQTUP5}	(Predtechenskaya & Ruokolainen 2008)
{ | Предтеченская, et al., 2014 | | |zu:4723341:VSFALDEH}	(Predtechenskaya & Ruokolainen 2014)
{ | Прейкша, et al., 2012 | | |zu:4723341:E6CGAAEN}	(Preiksa et al. 2012)
{ | Пригоряну, 2007 | | |zu:4723341:FY5YMCC7}	(Prigoryanu 2007)
{ | Присный, 2005 | | |zu:4723341:PTBVL777}	(Prisny 2005)
{ | Присный, 2019 | | |zu:4723341:YJD3EXXW}	(Prisny 2019)
{ | Прохоров, & Глотов, 2007 | | |zu:4723341:7GPVQKQQ}	(Prokhorov 2007)
{ | Псурцева, et al., 2003 | | |zu:4723341:XY23UBLG}	(Psurtseva et al. 2003)
{ | Пыстина, et al., 1969 | | |zu:4723341:YZ63RHHB}	(Pystina et al. 1969)
{ | Райтвийр, 1963 | | |zu:4723341:3P9LSMHS}	(Raitviir 1963)
{ | Райтвийр, 1967 | | |zu:4723341:9Z84KCV3}	(Raitviir 1967)
{ | Ребриев, & Бердников, 2018 | | |zu:4723341:2ZARJARX}	(Rebriev 2018)
{ | Ребриев, et al., 2010 | | |zu:4723341:GTCYUXCC}	(Rebriev & Svetasheva 2010)
{ | Ребриев, et al., 2012 | | |zu:4723341:BUNKPZLT}	(Rebriev et al. 2012b)
{ | Ребриев, et al., 2012 | | |zu:4723341:MUWWX2GD}	(Rebriev et al. 2012a)
{ | Розенберг, & Саксонов, 2007 | | |zu:4723341:TDVK3E54}	(Rosenberg & Saksonov 2007)
{ | Ртищева, 1999 | | |zu:4723341:B8ESYAW2}	(Rtishcheva 1999)
{ | Руоколайнен, & Громцев, 2013 | | |zu:4723341:M8HYFR9I}	(Ruokolainen 2013)
{ | Руоколайнен, & Дьяков, 2008 | | |zu:4723341:GULBICZ5}	(Ruokolainen 2008)
{ | Руоколайнен, & Коткова, 2004 | | |zu:4723341:3DM3AKKM}	(Ruokolainen & Kotkova 2004)
{ | Руоколайнен, & Коткова, 2014 | | |zu:4723341:Y9ZQ77XM}	(Ruokolainen & Kotkova 2014)
{ | Руоколайнен, & Коткова, 2015 | | |zu:4723341:TWZH5E5F}	(Ruokolainen & Kotkova 2015)
{ | Руоколайнен, & Коткова, 2016 | | |zu:4723341:KQK5JCSB}	(Ruokolainen & Kotkova 2016b)
{ | Руоколайнен, & Коткова, 2016 | | |zu:4723341:NNAY62M4}	(Ruokolainen & Kotkova 2016a)
{ | Руоколайнен, & Коткова, 2017 | | |zu:4723341:48R5RLVD}	(Ruokolainen & Kotkova 2017)
{ | Руоколайнен, & Коткова, 2018 | | |zu:4723341:WF9YZ639}	(Ruokolainen & Kotkova 2018)
{ | Руоколайнен, & Коткова, 2019 | | |zu:4723341:X9G2WXVW}	(Ruokolainen & Kotkova 2019)
{ | Руоколайнен, & Коткова, 2021 | | |zu:4723341:QFY4PE78}	(Ruokolainen & Kotkova 2021)
{ | Руоколайнен, & Предтеченская, 2009 | | |zu:4723341:MMLMT6SM}	(Ruokolainen & Predtechenskaya 2009)
{ | Руоколайнен, & Предтеченская, 2021 | | |zu:4723341:PPJHFFSX}	(Ruokolainen & Predtechenskaya 2021)
{ | Руоколайнен, & Ширяев, 2020 | | |zu:4723341:HGP335U9}	(Ruokolainen & Shiryaev 2020)
{ | Руоколайнен, 2003 | | |zu:4723341:MVMKWYMZ}	(Ruokolainen 2003)
{ | Руоколайнен, et al., 2006 | | |zu:4723341:5FXSRFLK}	(Ruokolainen 2006)
{ | Руоколайнен, et al., 2011 | | |zu:4723341:JZR9VGWY}	(Ruokolainen et al. 2011)
{ | Руоколайнен, et al., 2015 | | |zu:4723341:MVCS6YLA}	(Ruokolainen 2015)
{ | Руоколайнен, et al., 2018 | | |zu:4723341:VHLRIZ2A}	(Ruokolainen et al. 2018b)
{ | Руоколайнен, et al., 2020 | | |zu:4723341:H99KWINN}	(Ruokolainen et al. 2020)
{ | Русанов, et al., 2004 | | |zu:4723341:QLHPUWDU}	(Rusanov et al. 2004)
{ | Русанов, et al., 2018 | | |zu:4723341:2JIYBCSR}	(Rusanov et al. 2018)
{ | Рябова, et al., 1981 | | |zu:4723341:3XTWJGSC}	(Ryabova & Ignatenko 1981)
{ | Самойлов, & Морозова, 2011 | | |zu:4723341:IVPYVVJV}	(Samoilov & Morozova 2011)
{ | Сарычева, & Ртищева, 1999 | | |zu:4723341:D6ACEPSX}	(Sarycheva 1999)
{ | Сарычева, & Сарычев, 2014 | | |zu:4723341:N4AR5M49}	(Sarycheva 2014)
{ | Сарычева, & Сарычев, 2021 | | |zu:4723341:3F82952B}	(Sarycheva 2021)
{ | Сарычева, 2016 | | |zu:4723341:EEMLJ2MV}	(Sarycheva 2016)
{ | Сарычева, et al., 2009 | | |zu:4723341:ZSW2Z6BS}	(Sarycheva et al. 2009)
{ | Сарычева, et al., 2017 | | |zu:4723341:5L96K8CL}	(Sarycheva et al. 2017)
{ | Сафонов, & Васинович, 2016 | | |zu:4723341:TNDKPD4I}	(Safonov 2016b)
{ | Сафонов, 1999 | | |zu:4723341:6EUJ7T9U}	(Safonov 1999)
{ | Сафонов, 2002 | | |zu:4723341:SK47BMX5}	(Safonov 2002)
{ | Сафонов, 2010 | | |zu:4723341:HHTI9E5F}	(Safonov 2010)
{ | Сафонов, 2015 | | |zu:4723341:JYRI29TB}	(Safonov 2015b)
{ | Сафонов, 2015 | | |zu:4723341:ZJDQ9FKD}	(Safonov 2015a)
{ | Сафонов, 2016 | | |zu:4723341:R5AZIIWP}	(Safonov 2016a)
{ | Сафонов, et al., 2013 | | |zu:4723341:GQCULKZJ}	(Safonov et al. 2013)
{ | Сафонов, et al., 2014 | | |zu:4723341:G4FSMIXH}	(Safonov et al. 2014)
{ | Сафонов, et al., 2015 | | |zu:4723341:NS26T9X4}	(Safonov et al. 2015)
{ | Сафонова, et al., 2013 | | |zu:4723341:GZWZ25XP}	(Safonova et al. 2013)
{ | Светашева, & Фрезе, 2013 | | |zu:4723341:ZRB4IUQZ}	(Svetasheva & Freze 2013)
{ | Светашева, 2018 | | |zu:4723341:VJK7P58F}	(Svetasheva 2018)
{ | Светашева, 2021 | | |zu:4723341:TAZD84H6}	(Svetasheva 2021)
{ | Светашева, et al., 2017 | | |zu:4723341:EV3TSJ8B}	(Svetasheva et al. 2017b)
{ | Селочник, & Романовский, 2015 | | |zu:4723341:PQGG2KXY}	(Selochnik 2015)
{ | Селочник, et al., 2004 | | |zu:4723341:NCF6VKU2}	(Selochnik 2004)
{ | Сенатор, & Саксонов, 2017 | | |zu:4723341:26PV5NBK}	(Senator & Saksonov 2017)
{ | Сербинов, 1914 | | |zu:4723341:32KVCXPE}	(Serbinov 1914)
{ | Сидорова, & Великанов, 1998 | | |zu:4723341:5445UPQB}	(Sidorova & Velikanova 1998)
{ | Силаева, 2017 | | |zu:4723341:2A3V3ATQ}	(Silaeva 2017)
{ | Силаева, et al., 2015 | | |zu:4723341:8SMGFZD3}	(Silaeva et al. 2015)
{ | Силаева, et al., 2016 | | |zu:4723341:9TC4UXES}	(Silaeva et al. 2016)
{ | Сионова, 2003 | | |zu:4723341:BIQ4TIUJ}	(Sionova 2003b)
{ | Сионова, 2003 | | |zu:4723341:VB9ARUMQ}	(Sionova 2003a)
{ | Сионова, 2006 | | |zu:4723341:EEMGCG65}	(Sionova 2006)
{ | Сионова, et al., 2003 | | |zu:4723341:P9IV64FM}	(Sionova 2003c)
{ | Сионова, et al., 2009 | | |zu:4723341:ESF2AH7E}	(Sionova 2009)
{ | Сиротина, et al., 2019 | | |zu:4723341:CLFTFA6R}	(Sirotina et al. 2019)
{ | Соколова, et al., 2006 | | |zu:4723341:RRI8U5IE}	(Sokolova et al. 2006)
{ | Соловьев, 1938 | | |zu:4723341:KQJV2GFN}	(Solovjev 1938)
{ | Сорокин, 1872 | | |zu:4723341:IKKC6EMP}	(Sorokin 1872)
{ | Сорокин, 2002 | | |zu:4723341:W85L7ZXD}	(Sorokin 2002)
{ | Сорокина, et al., 2013 | | |zu:4723341:ZI82RQLX}	(Sorokina et al. 2013)
{ | Сорокина, et al., 2017 | | |zu:4723341:MFV84PFP}	(Sorokina et al. 2017)
{ | Сошнина, & Власов, 2006 | | |zu:4723341:5JJ3SN2X}	(Soshnina 2006b)
{ | Сошнина, & Власов, 2010 | | |zu:4723341:VKEDT2F9}	(Soshnina 2010)
{ | Сошнина, & Золотухин, 1995 | | |zu:4723341:CDXXK4K4}	(Soshnina 1995)
{ | Сошнина, & Золотухин, 2001 | | |zu:4723341:MF4WXYGP}	(Soshnina 2001)
{ | Сошнина, & Золотухин, 2005 | | |zu:4723341:8DSE545N}	(Soshnina 2005)
{ | Сошнина, & Малешин, 2000 | | |zu:4723341:2QS37RRK}	(Soshnina 2000)
{ | Сошнина, & Рыжков, 2006 | | |zu:4723341:R9KDIYA8}	(Soshnina 2006a)
{ | Сошнина, & Рыжков, 2021 | | |zu:4723341:577P2I82}	(Soshnina 2021b)
{ | Сошнина, & Рыжков, 2021 | | |zu:4723341:VP8TBMKV}	(Soshnina 2021a)
{ | Спирин, & Ануфриев, 2001 | | |zu:4723341:CSM52A3P}	(Spirin 2001b)
{ | Спирин, & Змитрович, 2004 | | |zu:4723341:G5YV9VNS}	(Spirin & Zmitrovich 2004)
{ | Спирин, & Змитрович, 2007 | | |zu:4723341:UYHAGZIJ}	(Spirin & Zmitrovich 2007c)
{ | Спирин, & Малышева, 2006 | | |zu:4723341:U3X8NJRA}	(Spirin & Malysheva 2006)
{ | Спирин, & Широков, 2005 | | |zu:4723341:2JRYZ9SD}	(Spirin & Shirokov 2005)
{ | Спирин, 2002 | | |zu:4723341:BYMB6RNQ}	(Spirin 2002a)
{ | Спирин, 2002 | | |zu:4723341:PQU96QZZ}	(Spirin 2002b)
{ | Спирин, 2002 | | |zu:4723341:RTKF5X38}	(Spirin 2002c)
{ | Спирин, 2003 | | |zu:4723341:4NTI7PSV}	(Spirin 2003b)
{ | Спирин, 2003 | | |zu:4723341:JTMIK2UN}	(Spirin 2003a)
{ | Спирин, 2004 | | |zu:4723341:DD3G26GU}	(Spirin 2004)
{ | Спирин, 2007 | | |zu:4723341:C6GT3E2U}	(Spirin 2007b)
{ | Спирин, 2011 | | |zu:4723341:5HU25GTB}	(Spirin 2011)
{ | Спирин, et al., 2006 | | |zu:4723341:ANQ8CRFL}	(Spirin et al. 2006b)
{ | Ставишенко, & Веселовская, 2011 | | |zu:4723341:YU73C2F4}	(Stavishenko & Veselovskaya 2011)
{ | Ставишенко, & Лугинина, 2015 | | |zu:4723341:K5ZPZ57T}	(Stavishenko & Luginina 2015)
{ | Ставишенко, 2018 | | |zu:4723341:YBYVERDU}	(Stavishenko 2018)
{ | Ставишенко, et al., 2019 | | |zu:4723341:JVY75HMJ}	(Stavishenko et al. 2019)
{ | Степанова, 1975 | | |zu:4723341:CYZA47FK}	(Stepanova 1975)
{ | Степанова, et al., 1977 | | |zu:4723341:87428HUJ}	(Stepanova & Sirko 1977)
{ | Степанова-Картавенко, 1967 | | |zu:4723341:5EN8V745}	(Stepanova-Kartavenko 1967)
{ | Стороженко, & Коткова, 2013 | | |zu:4723341:LE6MH25N}	(Storozhenko & Kotkova 2013)
{ | Стороженко, et al., 2014 | | |zu:4723341:L5ELXQNT}	(Storozhenko et al. 2014)
{ | Стороженко, et al., 2018 | | |zu:4723341:SPGMMJQT}	(Storozhenko et al. 2018)
{ | Суслова, et al., 2013 | | |zu:4723341:398XNXZ8}	(Suslova et al. 2013)
{ | Таскаев, 2009 | | |zu:4723341:BRKUL5LT}	(Taskaev 2009)
{ | Тихомирова, & Тобиас, 1994 | | |zu:4723341:M39E83CB}	(Tikhomirova & Tobias 1994)
{ | Тихомирова, et al., 2016 | | |zu:4723341:R5L7DZ7D}	(Tikhomirova & Mineyeva 2016)
{ | Травкин, et al., 2020 | | |zu:4723341:2V5V4B9M}	(Travkin et al. 2020)
{ | Траншель, 1901 | | |zu:4723341:5W483KSH}	(Tranzschel 1901)
{ | Трусова, 1912 | | |zu:4723341:LVHT6LZQ}	(Trusova 1912)
{ | Трусова, 1913 | | |zu:4723341:D9K9VL5K}	(Trusova 1913)
{ | Тычинин, & Кузьмина, 2003 | | |zu:4723341:5ZV3M7B5}	(Tychinin & Kuzmina 2003)
{ | Урбанавичене, & Урбанавичюс, 2021 | | |zu:4723341:25BLXMCI}	(Urbanavichene & Urbanavichus 2021)
{ | Урбанавичюс, & Урбанавичене, 2014 | | |zu:4723341:4QWHKG3W}	(Urbanavichus & Urbanavichene 2014)
{ | Урбанавичюс, & Фадеева, 2018 | | |zu:4723341:VIGXSULV}	(Urbanavichus & Fadeeva 2018)
{ | Урбанавичюс, et al., 2007 | | |zu:4723341:P5ZFQYSX}	(Urbanavichus et al. 2007b)
{ | Урбанавичюс, et al., 2008 | | |zu:4723341:XKPTPA2J}	(Urbanavichus & Urbanavichene 2008)
{ | Ушакова, 2000 | | |zu:4723341:QZSWZHJ3}	(Ushakova 2000)
{ | Фадеева, et al., 2007 | | |zu:4723341:NSMA7MVB}	(Fadeeva et al. 2007)
{ | Федяева, 2014 | | |zu:4723341:NDJVIM8D}	(Fedyaeva 2014)
{ | Фирсов, et al., 2021 | | |zu:4723341:BQYYDVP4}	(Firsov et al. 2021)
{ | Хермансон, & Дегтева, 1997 | | |zu:4723341:7VEX9QA7}	(Hermansson 1997)
{ | Хижнякова, et al., 2021 | | |zu:4723341:BV2AGBRM}	(Khizhnyakova et al. 2021)
{ | Химич, & Змитрович, 2019 | | |zu:4723341:XPFSQNLF}	(Khimich & Zmitrovich 2019)
{ | Химич, & Исаева, 2014 | | |zu:4723341:BYFYMLK5}	(Khimich & Isaeva 2014)
{ | Химич, 2013 | | |zu:4723341:5NZQ6LEF}	(Khimich 2013)
{ | Химич, et al., 2015 | | |zu:4723341:BPLJZMQ7}	(Khimich et al. 2015)
{ | Химич, et al., 2015 | | |zu:4723341:I4NGZB29}	(Khimich & Isaeva 2015)
{ | Химич, et al., 2016 | | |zu:4723341:6WFABS2S}	(Khimich et al. 2016b)
{ | Химич, et al., 2016 | | |zu:4723341:LEP6BSMN}	(Khimich et al. 2016c)
{ | Химич, et al., 2017 | | |zu:4723341:R3JHUW8M}	(Khimich et al. 2017b)
{ | Химич, et al., 2021 | | |zu:4723341:8UKAHUW3}	(Khimich et al. 2021)
{ | Цвелев, 2000 | | |zu:4723341:E9K4R8BW}	(Tzvelev 2000)
{ | Частухин, & Николаевская, 1969 | | |zu:4723341:ZGI4X4H7}	(Chastukhin & Nikolaevskaya 1969)
{ | Частухин, 2011 | | |zu:4723341:HKP67NKW}	(Chastukhin 2011)
{ | Частухин, et al., 1948 | | |zu:4723341:G3E4JXKA}	(Chastukhin 1948a)
{ | Частухин, et al., 1948 | | |zu:4723341:Q4MLUTJ3}	(Chastukhin 1948b)
{ | Частухин, et al., 1952 | | |zu:4723341:D77MDHDC}	(Chastukhin 1952)
{ | Частухин, et al., 1953 | | |zu:4723341:CU7GL95Q}	(Chastukhin & Nikolaevskaya 1953)
{ | Чердинцев, et al., 2015 | | |zu:4723341:F3MBWX8S}	(Cherdintsev et al. 2015)
{ | Черепанова, et al., 1982 | | |zu:4723341:FRZGUP6Z}	(Czerepanova et al. 1982)
{ | Чкалов, 2017 | | |zu:4723341:7YP5STLY}	(Chkalov 2017)
{ | Чураков, & Евсеева, 2005 | | |zu:4723341:87X9G7V3}	(Churakov & Evseeva 2005)
{ | Чураков, et al., 1995 | | |zu:4723341:2Y6U2IB4}	(Churakov et al. 1995)
{ | Шембель, 1915 | | |zu:4723341:NU47VENR}	(Shembel 1915)
{ | Шембель, 1923 | | |zu:4723341:48RUG5HX}	(Shembel 1923)
{ | Шепель, 2008 | | |zu:4723341:YZXFRD55}	(Shepel’ 2008)
{ | Ширяев, & Волобуев, 2013 | | |zu:4723341:58UR2UKH}	(Shiryaev & Volobuev 2013)
{ | Ширяев, & Матвеева, 2015 | | |zu:4723341:VFQ93N8Z}	(Shiryaev 2015)
{ | Ширяев, & Руоколайнен, 2017 | | |zu:4723341:FVZXCD5Y}	(Shiryaev & Ruokolainen 2017)
{ | Ширяев, & Таскаев, 2000 | | |zu:4723341:HKSWB22K}	(Shiryaev 2000)
{ | Ширяев, 2008 | | |zu:4723341:5CBH2TMD}	(Shiryaev 2008b)
{ | Ширяев, 2009 | | |zu:4723341:RL4IS582}	(Shiryaev 2009)
{ | Ширяев, 2012 | | |zu:4723341:E2L7Y4CL}	(Shiryaev 2012)
{ | Ширяев, 2013 | | |zu:4723341:AP5U7FCV}	(Shiryaev 2013b)
{ | Ширяев, 2013 | | |zu:4723341:I3WH2E9C}	(Shiryaev 2013a)
{ | Ширяев, 2014 | | |zu:4723341:CQHNL8GH}	(Shiryaev 2014)
{ | Ширяев, 2016 | | |zu:4723341:DKRYFBJ4}	(Shiryaev 2016)
{ | Ширяев, et al., 2017 | | |zu:4723341:9GBSX3YP}	(Shiryaev et al. 2017)
{ | Шляхтин, & Болдырев, 2021 | | |zu:4723341:JLGM4AZI}	(Shlyakhtin & Boldyrev 2021)
{ | Шляхтин, 2006 | | |zu:4723341:3PE5DB93}	(Shlyakhtin 2006)
{ | Штукенберг, 1913 | | |zu:4723341:36L99UJY}	(Shtukenberg 1913)
{ | Щербаков, 2010 | | |zu:4723341:Q7K23PBL}	(Shcherbakov 2010)
{ | Щербаков, 2014 | | |zu:4723341:2NB4JN46}	(Shcherbakov 2014)
{ | Юницкий, 1927 | | |zu:4723341:KG4LSHUQ}	(Yunitsky 1927)
{ | Юпина, & Дёмина, 2005 | | |zu:4723341:KMDPN4HF}	(Yupina & Dyomina 2005)
{ | Юпина, 1987 | | |zu:4723341:MKGJTV9Z}	(Yupina 1987)
{ | Юпина, 2010 | | |zu:4723341:62SF6ENU}	(Yupina 2010)
{ | Юпина, et al., 2005 | | |zu:4723341:XD3X7MJL}	(Yupina 2005)
{ | Юпина, et al., 2009 | | |zu:4723341:MIWH6NFB}	(Yupina & Potapov 2009)
{ | Юпина, et al., 2012 | | |zu:4723341:UQUEIC2H}	(Yupina & Ivanova 2012)
{ | Юпина, et al., 2013 | | |zu:4723341:9MDT94LD}	(Yupina & Potapov 2013)
{ | Ячевский, 1895 | | |zu:4723341:ZFCAW2IW}	(Jaczewski 1895)
{ | Ячевский, 1913 | | |zu:4723341:ASXJY6TV}	(Jaczewski 1913)
